#,Step,Step Title,Sub-step,Sub-step Title,Problem,Difficulty,Tag,Status,Date Solved,Revision,Notes,BLOG,YT,LC,GFG,CN,TUF,Alt Link,Alt Source,LC (suggested),LC Suggested By,Solution PDF page,Origin
1,1,Step 1: Learn the basics,1,1. Things to Know in C++/Java/Python or any language,User Input / Output,Easy,Introduction to DSA,Not Started,,,,https://takeuforward.org/c/c-basic-input-output/,https://www.youtube.com/watch?v=EAR7De6Goz4&t=250,,https://practice.geeksforgeeks.org/problems/search-query-auto-complete/0,https://www.codingninjas.com/studio/problems/find-character-case_58513,https://takeuforward.org/plus/dsa/problems/input-output,,,,,,takeuforward roadmap
2,1,Step 1: Learn the basics,1,1. Things to Know in C++/Java/Python or any language,Data Types,Easy,Introduction to DSA,Not Started,,,,,https://www.youtube.com/watch?v=EAR7De6Goz4&t=755,,https://www.geeksforgeeks.org/problems/data-type-1666706751/1,https://www.codingninjas.com/studio/problems/data-type_8357232,https://takeuforward.org/plus/dsa/problems/cpp,,,,,,takeuforward roadmap
3,1,Step 1: Learn the basics,1,1. Things to Know in C++/Java/Python or any language,If Else statements,Easy,Introduction to DSA,Not Started,,,,https://takeuforward.org/if-else/if-else-statements/,https://www.youtube.com/watch?v=EAR7De6Goz4&t=1259,,https://practice.geeksforgeeks.org/problems/java-if-else-decision-making0924/0,https://www.codingninjas.com/studio/problems/if-else-decision-making_8357235,https://takeuforward.org/plus/dsa/problems/if-elseif,,,,,,takeuforward roadmap
4,1,Step 1: Learn the basics,1,1. Things to Know in C++/Java/Python or any language,Switch Statement,Easy,Introduction to DSA,Not Started,,,,https://takeuforward.org/switch-case/switch-case-statements/,https://www.youtube.com/watch?v=EAR7De6Goz4,,https://practice.geeksforgeeks.org/problems/java-switch-case-statement3529/1,https://www.codingninjas.com/studio/problems/switch-case-statement_8357244,https://takeuforward.org/plus/dsa/problems/switch-case,,,,,,takeuforward roadmap
5,1,Step 1: Learn the basics,1,1. Things to Know in C++/Java/Python or any language,"What are arrays, strings?",Easy,Introduction to DSA,Not Started,,,,,https://www.youtube.com/watch?v=EAR7De6Goz4&t=2415,,,,https://takeuforward.org/plus/dsa/problems/cpp,,,,,,takeuforward roadmap
6,1,Step 1: Learn the basics,1,1. Things to Know in C++/Java/Python or any language,For loops,Easy,Introduction to DSA,Not Started,,,,https://takeuforward.org/for-loop/understanding-for-loop/,https://www.youtube.com/watch?v=EAR7De6Goz4&t=3096,,,https://www.codingninjas.com/studio/problems/nth-fibonacci-number_74156,https://takeuforward.org/plus/dsa/problems/cpp,,,,,,takeuforward roadmap
7,1,Step 1: Learn the basics,1,1. Things to Know in C++/Java/Python or any language,While loops,Easy,Introduction to DSA,Not Started,,,,https://takeuforward.org/while-loop/while-loops-in-programming/,https://www.youtube.com/watch?v=EAR7De6Goz4&t=3459,,https://practice.geeksforgeeks.org/problems/while-loop-printtable-java/1,https://www.codingninjas.com/studio/problems/sum-of-even-odd_624650,https://takeuforward.org/plus/dsa/problems/cpp,,,,,,takeuforward roadmap
8,1,Step 1: Learn the basics,1,1. Things to Know in C++/Java/Python or any language,Functions (Pass by Reference and Value),Easy,Introduction to DSA,Not Started,,,,,https://www.youtube.com/watch?v=EAR7De6Goz4&t=3677,,https://www.geeksforgeeks.org/problems/pass-by-reference-and-value/1,https://www.codingninjas.com/codestudio/problems/fa-1-ece_4606261,https://takeuforward.org/plus/dsa/problems/cpp,,,,,,takeuforward roadmap
9,1,Step 1: Learn the basics,1,1. Things to Know in C++/Java/Python or any language,"Time Complexity [Learn Basics, and then analyse in next Steps]",Easy,Introduction to DSA,Not Started,,,,https://takeuforward.org/time-complexity/time-and-space-complexity-strivers-a2z-dsa-course/,https://www.youtube.com/watch?v=FPu9Uld7W-E,,,,,,,,,,takeuforward roadmap
10,1,Step 1: Learn the basics,2,2. Build-up Logical Thinking,Patterns,Easy,"Maths, Data Structures",Not Started,,,,https://takeuforward.org/strivers-a2z-dsa-course/must-do-pattern-problems-before-starting-dsa/,https://www.youtube.com/watch?v=tNm_NNSB3_w,,,,https://takeuforward.org/plus/dsa/problems/easy-and-medium,,,,,,takeuforward roadmap
11,1,Step 1: Learn the basics,3,3. Learn STL/Java-Collections or similar thing in your language,C++ STL,Medium,"C++, Introduction to DSA",Not Started,,,,https://takeuforward.org/c/c-stl-tutorial-most-frequent-used-stl-containers/,https://www.youtube.com/watch?v=RRVYpIET_RU,,https://www.youtube.com/watch?v=RRVYpIET_RU,,,,,,,,takeuforward roadmap
12,1,Step 1: Learn the basics,3,3. Learn STL/Java-Collections or similar thing in your language,Java Collections,Easy,"Java, Introduction to DSA",Not Started,,,,,,,,,,,,,,,takeuforward roadmap
13,1,Step 1: Learn the basics,4,4. Know Basic Maths,Count Digits,Easy,"Maths, Data Structures",Not Started,,,,https://takeuforward.org/data-structure/count-digits-in-a-number/,https://www.youtube.com/watch?v=1xNbjMdbjug,,https://practice.geeksforgeeks.org/problems/count-digits5716/1,https://www.codingninjas.com/codestudio/problems/count-digits_8416387,https://takeuforward.org/plus/dsa/problems/count-all-digits-of-a-number,,,,,2,takeuforward roadmap
14,1,Step 1: Learn the basics,4,4. Know Basic Maths,Reverse a Number,Easy,"Maths, Data Structures",Not Started,,,,https://takeuforward.org/maths/reverse-digits-of-a-number,https://www.youtube.com/watch?v=1xNbjMdbjug&t=930,https://leetcode.com/problems/reverse-integer/,https://practice.geeksforgeeks.org/problems/reverse-bits3556/1,https://www.codingninjas.com/studio/problems/reverse-bits_2181102,https://takeuforward.org/plus/dsa/problems/reverse-a-number,,,,,3,takeuforward roadmap
15,1,Step 1: Learn the basics,4,4. Know Basic Maths,Check Palindrome,Easy,"Maths, Data Structures",Not Started,,,,https://takeuforward.org/data-structure/check-if-a-number-is-palindrome-or-not/,https://www.youtube.com/watch?v=1xNbjMdbjug&t=1230,https://leetcode.com/problems/palindrome-number/,https://practice.geeksforgeeks.org/problems/palindrome0746/1,https://www.codingninjas.com/studio/problems/palindrome-number_624662,https://takeuforward.org/plus/dsa/problems/palindrome-number,,,,,5,takeuforward roadmap
16,1,Step 1: Learn the basics,4,4. Know Basic Maths,GCD Or HCF,Easy,"Maths, Data Structures",Not Started,,,,https://takeuforward.org/data-structure/find-gcd-of-two-numbers/,https://www.youtube.com/watch?v=1xNbjMdbjug&t=2684,,https://practice.geeksforgeeks.org/problems/lcm-and-gcd4516/1,https://www.codingninjas.com/codestudio/problems/hcf-and-lcm_840448,https://takeuforward.org/plus/dsa/problems/gcd-of-two-numbers,,,,,6,takeuforward roadmap
17,1,Step 1: Learn the basics,4,4. Know Basic Maths,Armstrong Numbers,Easy,"Maths, Data Structures",Not Started,,,,https://takeuforward.org/maths/check-if-a-number-is-armstrong-number-or-not/,https://www.youtube.com/watch?v=1xNbjMdbjug&t=1418,https://leetcode.com/problems/armstrong-number/,https://practice.geeksforgeeks.org/problems/armstrong-numbers2727/1,https://www.codingninjas.com/studio/problems/check-armstrong_589,https://takeuforward.org/plus/dsa/problems/check-if-the-number-if-armstrong,,,,,8,takeuforward roadmap
18,1,Step 1: Learn the basics,4,4. Know Basic Maths,Print all Divisors,Easy,"Maths, Data Structures",Not Started,,,,https://takeuforward.org/data-structure/print-all-divisors-of-a-given-number/,https://www.youtube.com/watch?v=1xNbjMdbjug&t=1580,,https://practice.geeksforgeeks.org/problems/sum-of-all-divisors-from-1-to-n4738/1,https://www.codingninjas.com/studio/problems/sum-of-all-divisors_8360720,https://takeuforward.org/plus/dsa/problems/divisors-of-a-number,,,,,9,takeuforward roadmap
19,1,Step 1: Learn the basics,4,4. Know Basic Maths,Check for Prime,Easy,"Maths, Data Structures",Not Started,,,,https://takeuforward.org/data-structure/check-if-a-number-is-prime-or-not/,https://www.youtube.com/watch?v=1xNbjMdbjug&t=2381,,https://practice.geeksforgeeks.org/problems/minimum-number-of-jumps-1587115620/1,https://www.codingninjas.com/studio/problems/check-prime_624934,https://takeuforward.org/plus/dsa/problems/check-for-prime-number,,,,,11,takeuforward roadmap
20,1,Step 1: Learn the basics,5,5. Learn Basic Recursion,Understand recursion by print something N times,Easy,"Recursion, Data Structures",Not Started,,,,https://takeuforward.org/recursion/introduction-to-recursion-understand-recursion-by-printing-something-n-times/,https://www.youtube.com/watch?v=yVdKa8dnKiE,,https://www.geeksforgeeks.org/problems/print-1-to-n-without-using-loops-1587115620/1,https://www.codingninjas.com/codestudio/problems/print-1-to-n_628290,,,,,,12,takeuforward roadmap
21,1,Step 1: Learn the basics,5,5. Learn Basic Recursion,Print name N times using recursion,Easy,"Recursion, Data Structures",Not Started,,,,https://takeuforward.org/recursion/print-name-n-times-using-recursion/,https://www.youtube.com/watch?v=un6PLygfXrA,,https://www.geeksforgeeks.org/problems/print-gfg-n-times/1,https://www.codingninjas.com/studio/problems/-print-n-times_8380707,,,,,,13,takeuforward roadmap
22,1,Step 1: Learn the basics,5,5. Learn Basic Recursion,Print 1 to N using recursion,Easy,"Recursion, Data Structures",Not Started,,,,https://takeuforward.org/recursion/print-1-to-n-using-recursion/,https://www.youtube.com/watch?v=un6PLygfXrA,,https://practice.geeksforgeeks.org/problems/print-1-to-n-without-using-loops-1587115620/1,https://www.codingninjas.com/codestudio/problems/print-1-to-n_628290,,,,,,14,takeuforward roadmap
23,1,Step 1: Learn the basics,5,5. Learn Basic Recursion,Print N to 1 using recursion,Easy,"Recursion, Data Structures",Not Started,,,,https://takeuforward.org/recursion/print-n-to-1-using-recursion/,https://www.youtube.com/watch?v=un6PLygfXrA,,https://www.geeksforgeeks.org/problems/print-n-to-1-without-loop/1,https://www.codingninjas.com/studio/problems/n-to-1-without-loop_8357243,,,,,,15,takeuforward roadmap
24,1,Step 1: Learn the basics,5,5. Learn Basic Recursion,Sum of first N numbers,Easy,"Maths, Data Structures",Not Started,,,,https://takeuforward.org/data-structure/sum-of-first-n-natural-numbers/,https://www.youtube.com/watch?v=69ZCDFy-OUo,,https://practice.geeksforgeeks.org/problems/sum-of-first-n-terms5843/1,https://www.codingninjas.com/studio/problems/sum-of-first-n-numbers_8876068,https://takeuforward.org/plus/dsa/problems/sum-of-first-n-numbers,,,,,16,takeuforward roadmap
25,1,Step 1: Learn the basics,5,5. Learn Basic Recursion,Factorial of N numbers,Easy,"Maths, Data Structures",Not Started,,,,https://takeuforward.org/data-structure/factorial-of-a-number-iterative-and-recursive/,https://www.youtube.com/watch?v=69ZCDFy-OUo,,https://practice.geeksforgeeks.org/problems/find-all-factorial-numbers-less-than-or-equal-to-n3548/0,https://www.codingninjas.com/studio/problems/factorial-numbers-not-greater-than-n_8365435,https://takeuforward.org/plus/dsa/problems/factorial-of-a-given-number,,,,,17,takeuforward roadmap
26,1,Step 1: Learn the basics,5,5. Learn Basic Recursion,Reverse an array,Easy,"Arrays, Data Structures",Not Started,,,,https://takeuforward.org/data-structure/reverse-a-given-array/,https://www.youtube.com/watch?v=twuC1F6gLI8,,https://practice.geeksforgeeks.org/problems/reverse-an-array/0,https://www.codingninjas.com/studio/problems/reverse-an-array_8365444,https://takeuforward.org/plus/dsa/problems/reverse-an-array,,,https://leetcode.com/problems/reverse-string,codolio,17,takeuforward roadmap
27,1,Step 1: Learn the basics,5,5. Learn Basic Recursion,Check if a string is palindrome or not,Medium,"String, Data Structures",Not Started,,,,https://takeuforward.org/data-structure/check-if-the-given-string-is-palindrome-or-not/,https://www.youtube.com/watch?v=twuC1F6gLI8,https://leetcode.com/problems/valid-palindrome/,https://practice.geeksforgeeks.org/problems/palindrome-string0817/1,https://www.codingninjas.com/studio/problems/check-palindrome-recursive_624386,https://takeuforward.org/plus/dsa/problems/check-if-string-is-palindrome-or-not-,,,,,18,takeuforward roadmap
28,1,Step 1: Learn the basics,5,5. Learn Basic Recursion,Fibonacci Number,Easy,"Maths, Data Structures",Not Started,,,,https://takeuforward.org/arrays/print-fibonacci-series-up-to-nth-term/,https://www.youtube.com/watch?v=kvRjNm4rVBE,https://leetcode.com/problems/fibonacci-number/,https://www.geeksforgeeks.org/problems/print-first-n-fibonacci-numbers1002/1,https://www.codingninjas.com/studio/problems/print-fibonacci-series_7421617,https://takeuforward.org/plus/dsa/problems/fibonacci-number,,,,,19,takeuforward roadmap
29,1,Step 1: Learn the basics,6,6. Learn Basic Hashing,Hashing Theory,Medium,"Hashing, Data Structures",Not Started,,,,https://takeuforward.org/hashing/hashing-maps-time-complexity-collisions-division-rule-of-hashing-strivers-a2z-dsa-course/,https://www.youtube.com/watch?v=KEs5UyBJ39g,,,,,,,,,20,takeuforward roadmap
30,1,Step 1: Learn the basics,6,6. Learn Basic Hashing,Counting frequencies of array elements,Easy,"Arrays, Hashing, Sorting, Data Structures",Not Started,,,,https://takeuforward.org/data-structure/count-frequency-of-each-element-in-the-array/,,,https://practice.geeksforgeeks.org/problems/frequency-of-array-elements-1587115620/0,https://www.codingninjas.com/studio/problems/count-frequency-in-a-range_8365446,,,,,,21,takeuforward roadmap
31,1,Step 1: Learn the basics,6,6. Learn Basic Hashing,Find the highest/lowest frequency element,Easy,"Arrays, Hashing, Data Structures",Not Started,,,,https://takeuforward.org/arrays/find-the-highest-lowest-frequency-element/,,https://leetcode.com/problems/frequency-of-the-most-frequent-element/,https://www.geeksforgeeks.org/problems/top-k-frequent-elements-in-array/1,https://www.codingninjas.com/studio/problems/k-most-occurrent-numbers_625382,https://takeuforward.org/plus/dsa/problems/highest-occurring-element-in-an-array,,,,,23,takeuforward roadmap
32,2,Step 2: Learn Important Sorting Techniques,1,1. Sorting-I,Selection Sort,Easy,"Sorting, Arrays, Data Structures",Not Started,,,,https://takeuforward.org/sorting/selection-sort-algorithm/,https://www.youtube.com/watch?v=HGk_ypEuS24&t=167,,https://www.geeksforgeeks.org/problems/selection-sort/1,https://www.codingninjas.com/studio/problems/selection-sort_624469,https://takeuforward.org/plus/dsa/problems/selection-sort,,,,,25,takeuforward roadmap
33,2,Step 2: Learn Important Sorting Techniques,1,1. Sorting-I,Bubble Sort,Easy,"Sorting, Arrays, Data Structures",Not Started,,,,https://takeuforward.org/data-structure/bubble-sort-algorithm/,https://www.youtube.com/watch?v=HGk_ypEuS24&t=1061,,https://www.geeksforgeeks.org/problems/bubble-sort/1,https://www.codingninjas.com/studio/problems/bubble-sort_624380,https://takeuforward.org/plus/dsa/problems/bubble-sort,,,,,26,takeuforward roadmap
34,2,Step 2: Learn Important Sorting Techniques,1,1. Sorting-I,Insertion Sort,Easy,"Sorting, Data Structures",Not Started,,,,https://takeuforward.org/data-structure/insertion-sort-algorithm/,https://www.youtube.com/watch?v=HGk_ypEuS24&t=1900,,https://www.geeksforgeeks.org/problems/insertion-sort/0,https://www.codingninjas.com/studio/problems/insertion-sort_624381,https://takeuforward.org/plus/dsa/problems/insertion-sorting,,,,,27,takeuforward roadmap
35,2,Step 2: Learn Important Sorting Techniques,2,2. Sorting-II,Merge Sort,Medium,"Arrays, Sorting, Data Structures",Not Started,,,,https://takeuforward.org/data-structure/merge-sort-algorithm/,https://www.youtube.com/watch?v=ogjf7ORKfd8,,https://www.geeksforgeeks.org/problems/merge-sort/1,https://www.codingninjas.com/studio/problems/merge-sort_5846,https://takeuforward.org/plus/dsa/problems/merge-sorting,,,,,29,takeuforward roadmap
36,2,Step 2: Learn Important Sorting Techniques,2,2. Sorting-II,Recursive Bubble Sort,Easy,"Sorting, Data Structures",Not Started,,,,https://takeuforward.org/arrays/recursive-bubble-sort-algorithm/,,,https://www.geeksforgeeks.org/problems/bubble-sort/1,https://www.codingninjas.com/studio/problems/bubble-sort_624380,,,,,,31,takeuforward roadmap
37,2,Step 2: Learn Important Sorting Techniques,2,2. Sorting-II,Recursive Insertion Sort,Easy,"Recursion, Sorting, Data Structures",Not Started,,,,https://takeuforward.org/arrays/recursive-insertion-sort-algorithm/,,,https://www.geeksforgeeks.org/problems/insertion-sort/1,https://www.codingninjas.com/studio/problems/insertion-sort_624381,,,,,,32,takeuforward roadmap
38,2,Step 2: Learn Important Sorting Techniques,2,2. Sorting-II,Quick Sort,Easy,"Arrays, Sorting, Data Structures",Not Started,,,,https://takeuforward.org/data-structure/quick-sort-algorithm/,https://www.youtube.com/watch?v=WIrA4YexLRQ,,https://www.geeksforgeeks.org/problems/quick-sort/1,https://www.codingninjas.com/studio/problems/quick-sort_5844,https://takeuforward.org/plus/dsa/problems/quick-sorting,,,,,34,takeuforward roadmap
39,3,Step 3: Solve Problems on Arrays [Easy -> Medium -> Hard],1,1. Easy,Largest Element in an Array,Easy,"Arrays, Data Structures",Not Started,,,,https://takeuforward.org/data-structure/find-the-largest-element-in-an-array/,https://www.youtube.com/watch?v=37E9ckMDdTk&t=526,,https://www.geeksforgeeks.org/problems/largest-element-in-array4009/0,https://www.codingninjas.com/codestudio/problems/largest-element-in-the-array-largest-element-in-the-array_5026279,https://takeuforward.org/plus/dsa/problems/largest-element,,,,,38,takeuforward roadmap
40,3,Step 3: Solve Problems on Arrays [Easy -> Medium -> Hard],1,1. Easy,Second Largest Element in an Array without sorting,Easy,"Arrays, Data Structures",Not Started,,,,https://takeuforward.org/data-structure/find-second-smallest-and-second-largest-element-in-an-array/,https://www.youtube.com/watch?v=37E9ckMDdTk&t=810,,https://www.geeksforgeeks.org/problems/second-largest3735/1,https://www.codingninjas.com/codestudio/problems/ninja-and-the-second-order-elements_6581960,https://takeuforward.org/plus/dsa/problems/second-largest-element,,,,,,takeuforward roadmap
41,3,Step 3: Solve Problems on Arrays [Easy -> Medium -> Hard],1,1. Easy,Check if the array is sorted,Easy,"Arrays, Data Structures",Not Started,,,,https://takeuforward.org/data-structure/check-if-an-array-is-sorted/,https://www.youtube.com/watch?v=37E9ckMDdTk&t=17224,https://leetcode.com/problems/check-if-array-is-sorted-and-rotated/,https://www.geeksforgeeks.org/problems/check-if-an-array-is-sorted0701/1,https://www.codingninjas.com/codestudio/problems/ninja-and-the-sorted-check_6581957,https://takeuforward.org/plus/dsa/problems/check-if-the-array-is-sorted,,,,,43,takeuforward roadmap
42,3,Step 3: Solve Problems on Arrays [Easy -> Medium -> Hard],1,1. Easy,Remove duplicates from Sorted array,Easy,"Arrays, Data Structures",Not Started,,,,https://takeuforward.org/data-structure/remove-duplicates-in-place-from-sorted-array/,https://www.youtube.com/watch?v=37E9ckMDdTk&t=1887,https://leetcode.com/problems/remove-duplicates-from-sorted-array/,https://www.geeksforgeeks.org/problems/remove-duplicate-elements-from-sorted-array/1,https://www.codingninjas.com/codestudio/problems/remove-duplicates-from-sorted-array_1102307,https://takeuforward.org/plus/dsa/problems/remove-duplicates-from-sorted-array,,,,,45,takeuforward roadmap
43,3,Step 3: Solve Problems on Arrays [Easy -> Medium -> Hard],1,1. Easy,Left Rotate an array by one place,Easy,"Arrays, Data Structures",Not Started,,,,https://takeuforward.org/data-structure/left-rotate-the-array-by-one/,https://www.youtube.com/watch?v=wvcQg43_V8U&t=61,https://leetcode.com/problems/rotate-array/,https://www.geeksforgeeks.org/problems/quick-left-rotation3806/1,https://www.codingninjas.com/codestudio/problems/left-rotate-an-array-by-one_5026278,https://takeuforward.org/plus/dsa/problems/left-rotate-array-by-one,,,,,48,takeuforward roadmap
44,3,Step 3: Solve Problems on Arrays [Easy -> Medium -> Hard],1,1. Easy,Left rotate an array by D places,Easy,"Arrays, Data Structures",Not Started,,,,https://takeuforward.org/data-structure/rotate-array-by-k-elements/,https://www.youtube.com/watch?v=wvcQg43_V8U&t=485,https://leetcode.com/problems/rotate-array/,https://www.geeksforgeeks.org/problems/reversal-algorithm5340/1,https://www.codingninjas.com/codestudio/problems/rotate-array_1230543,https://takeuforward.org/plus/dsa/problems/left-rotate-array,,,,,48,takeuforward roadmap
45,3,Step 3: Solve Problems on Arrays [Easy -> Medium -> Hard],1,1. Easy,Move Zeros to end,Easy,"Arrays, Data Structures, Two Pointer",Not Started,,,,https://takeuforward.org/data-structure/move-all-zeros-to-the-end-of-the-array/,https://www.youtube.com/watch?v=wvcQg43_V8U&t=1633,https://leetcode.com/problems/move-zeroes/,https://www.geeksforgeeks.org/problems/move-all-zeroes-to-end-of-array0751/1,https://www.codingninjas.com/codestudio/problems/ninja-and-the-zero-s_6581958,https://takeuforward.org/plus/dsa/problems/move-zeros-to-end,,,,,54,takeuforward roadmap
46,3,Step 3: Solve Problems on Arrays [Easy -> Medium -> Hard],1,1. Easy,Linear Search,Easy,"Arrays, Data Structures",Not Started,,,,https://takeuforward.org/data-structure/linear-search-in-c/,https://www.youtube.com/watch?v=wvcQg43_V8U&t=2465,,https://www.geeksforgeeks.org/problems/who-will-win-1587115621/1,https://www.codingninjas.com/codestudio/problems/linear-search_6922070,https://takeuforward.org/plus/dsa/problems/linear-search,,,,,58,takeuforward roadmap
47,3,Step 3: Solve Problems on Arrays [Easy -> Medium -> Hard],1,1. Easy,Find the Union,Medium,"Arrays, Hashing, Sorting, Data Structures",Not Started,,,,https://takeuforward.org/data-structure/union-of-two-sorted-arrays/,https://www.youtube.com/watch?v=wvcQg43_V8U&t=2584,,https://www.geeksforgeeks.org/problems/union-of-two-sorted-arrays-1587115621/1,https://www.codingninjas.com/codestudio/problems/sorted-array_6613259,https://takeuforward.org/plus/dsa/problems/union-of-two-sorted-arrays,,,,,,takeuforward roadmap
48,3,Step 3: Solve Problems on Arrays [Easy -> Medium -> Hard],1,1. Easy,Find missing number in an array,Easy,"Arrays, Data Structures, Binary Search, Hashing",Not Started,,,,https://takeuforward.org/arrays/find-the-missing-number-in-an-array/,https://www.youtube.com/watch?v=bYWLJb3vCWY&t=57,https://leetcode.com/problems/missing-number/,https://www.geeksforgeeks.org/problems/missing-number4257/1,,https://takeuforward.org/plus/dsa/problems/find-missing-number,,,,,65,takeuforward roadmap
49,3,Step 3: Solve Problems on Arrays [Easy -> Medium -> Hard],1,1. Easy,Maximum Consecutive Ones,Easy,"Arrays, Data Structures",Not Started,,,,https://takeuforward.org/data-structure/count-maximum-consecutive-ones-in-the-array/,https://www.youtube.com/watch?v=bYWLJb3vCWY&t=1124,https://leetcode.com/problems/max-consecutive-ones/,https://www.geeksforgeeks.org/problems/maximize-number-of-1s0905/1,https://www.codingninjas.com/codestudio/problems/traffic_6682625,https://takeuforward.org/plus/dsa/problems/maximum-consecutive-ones,,,,,,takeuforward roadmap
50,3,Step 3: Solve Problems on Arrays [Easy -> Medium -> Hard],1,1. Easy,"Find the number that appears once, and other numbers twice.",Medium,"Arrays, Hashing, Data Structures",Not Started,,,,https://takeuforward.org/arrays/find-the-number-that-appears-once-and-the-other-numbers-twice/,https://www.youtube.com/watch?v=bYWLJb3vCWY&t=1369,https://leetcode.com/problems/single-number/,https://www.geeksforgeeks.org/problems/element-appearing-once2552/0,https://www.codingninjas.com/codestudio/problems/find-the-single-element_6680465,https://takeuforward.org/plus/dsa/problems/single-number---i,,,,,71,takeuforward roadmap
51,3,Step 3: Solve Problems on Arrays [Easy -> Medium -> Hard],1,1. Easy,Longest subarray with given sum K(positives),Medium,"Arrays, Data Structures, Hashing",Not Started,,,,https://takeuforward.org/data-structure/longest-subarray-with-given-sum-k/,https://www.youtube.com/watch?v=frf7qxiN2qU,,https://practice.geeksforgeeks.org/problems/longest-sub-array-with-sum-k0809/1,https://www.codingninjas.com/codestudio/problems/longest-subarray-with-sum-k_6682399,https://takeuforward.org/plus/dsa/problems/longest-subarray-with-sum-k,,,,,76,takeuforward roadmap
52,3,Step 3: Solve Problems on Arrays [Easy -> Medium -> Hard],1,1. Easy,Longest subarray with sum K (Positives + Negatives),Medium,"Arrays, Data Structures, Hashing",Not Started,,,,https://takeuforward.org/arrays/longest-subarray-with-sum-k-postives-and-negatives/,https://www.youtube.com/watch?v=frf7qxiN2qU,,https://practice.geeksforgeeks.org/problems/longest-sub-array-with-sum-k0809/1,https://www.codingninjas.com/studio/problems/longest-subarray-with-sum-k_5713505,https://takeuforward.org/plus/dsa/problems/longest-subarray-with-sum-k,,,,,76,takeuforward roadmap
53,3,Step 3: Solve Problems on Arrays [Easy -> Medium -> Hard],2,2. Medium,2Sum Problem,Medium,"Arrays, Sorting, Data Structures, Two Pointer",Not Started,,,,https://takeuforward.org/data-structure/two-sum-check-if-a-pair-with-given-sum-exists-in-array/,https://www.youtube.com/watch?v=UXDSeD9mN-k,https://leetcode.com/problems/two-sum/,https://www.geeksforgeeks.org/problems/find-all-pairs-whose-sum-is-x5808/1,https://www.codingninjas.com/codestudio/problems/reading_6845742,https://takeuforward.org/plus/dsa/problems/two-sum,,,,,,takeuforward roadmap
54,3,Step 3: Solve Problems on Arrays [Easy -> Medium -> Hard],2,2. Medium,Sort an array of 0's 1's and 2's,Medium,"Arrays, Two Pointer, Data Structures",Not Started,,,,https://takeuforward.org/data-structure/sort-an-array-of-0s-1s-and-2s/,https://www.youtube.com/watch?v=tp8JIuCXBaU,https://leetcode.com/problems/sort-colors/,https://www.geeksforgeeks.org/problems/sort-an-array-of-0s-1s-and-2s4231/1,https://www.codingninjas.com/codestudio/problems/sort-an-array-of-0s-1s-and-2s_892977,https://takeuforward.org/plus/dsa/problems/sort-an-array-of-0's-1's-and-2's,,,,,,takeuforward roadmap
55,3,Step 3: Solve Problems on Arrays [Easy -> Medium -> Hard],2,2. Medium,Majority Element (>n/2 times),Easy,"Arrays, Hashing, Data Structures",Not Started,,,,https://takeuforward.org/data-structure/find-the-majority-element-that-occurs-more-than-n-2-times/,https://www.youtube.com/watch?v=nP_ns3uSh80,https://leetcode.com/problems/majority-element/,https://www.geeksforgeeks.org/problems/majority-element-1587115620/1,https://www.codingninjas.com/codestudio/problems/majority-element_6783241,https://takeuforward.org/plus/dsa/problems/majority-element-i,,,,,94,takeuforward roadmap
56,3,Step 3: Solve Problems on Arrays [Easy -> Medium -> Hard],2,2. Medium,"Kadane's Algorithm, maximum subarray sum",Easy,"Arrays, Data Structures",Not Started,,,,https://takeuforward.org/data-structure/kadanes-algorithm-maximum-subarray-sum-in-an-array/,https://www.youtube.com/watch?v=AHZpyENo7k4,https://leetcode.com/problems/maximum-subarray/,https://www.geeksforgeeks.org/problems/kadanes-algorithm-1587115620/0,https://www.codingninjas.com/codestudio/problems/maximum-subarray-sum_630526,https://takeuforward.org/plus/dsa/problems/kadane's-algorithm,,,,,97,takeuforward roadmap
57,3,Step 3: Solve Problems on Arrays [Easy -> Medium -> Hard],2,2. Medium,Print subarray with maximum subarray sum (extended version of above problem),Medium,"Arrays, Hashing, Data Structures",Not Started,,,,https://takeuforward.org/data-structure/kadanes-algorithm-maximum-subarray-sum-in-an-array/,https://www.youtube.com/watch?v=AHZpyENo7k4,,https://www.geeksforgeeks.org/problems/max-sum-in-sub-arrays0824/0,https://www.codingninjas.com/codestudio/problems/longest-subarray-with-sum-k_6682399,https://takeuforward.org/plus/dsa/problems/kadane's-algorithm,,,,,102,takeuforward roadmap
58,3,Step 3: Solve Problems on Arrays [Easy -> Medium -> Hard],2,2. Medium,Stock Buy and Sell,Easy,"Arrays, Data Structures",Not Started,,,,https://takeuforward.org/data-structure/stock-buy-and-sell/,https://www.youtube.com/watch?v=excAOvwF_Wk,https://leetcode.com/problems/best-time-to-buy-and-sell-stock/,https://www.geeksforgeeks.org/problems/stock-buy-and-sell2615/0,https://www.codingninjas.com/codestudio/problems/best-time-to-buy-and-sell-stock_6194560,https://takeuforward.org/plus/dsa/problems/best-time-to-buy-and-sell-stock,,,,,103,takeuforward roadmap
59,3,Step 3: Solve Problems on Arrays [Easy -> Medium -> Hard],2,2. Medium,Rearrange the array in alternating positive and negative items,Medium,"Arrays, Data Structures",Not Started,,,,https://takeuforward.org/arrays/rearrange-array-elements-by-sign/,https://www.youtube.com/watch?v=h4aBagy4Uok,https://leetcode.com/problems/rearrange-array-elements-by-sign/,https://www.geeksforgeeks.org/problems/array-of-alternate-ve-and-ve-nos1401/1,https://www.codingninjas.com/codestudio/problems/alternate-numbers_6783445,https://takeuforward.org/plus/dsa/problems/rearrange-array-elements-by-sign,,,,,,takeuforward roadmap
60,3,Step 3: Solve Problems on Arrays [Easy -> Medium -> Hard],2,2. Medium,Next Permutation,Medium,"Arrays, Data Structures, Two Pointer",Not Started,,,,https://takeuforward.org/data-structure/next_permutation-find-next-lexicographically-greater-permutation/,https://www.youtube.com/watch?v=JDOXKqF60RQ,https://leetcode.com/problems/next-permutation/,https://www.geeksforgeeks.org/problems/next-permutation5226/1,https://www.codingninjas.com/codestudio/problems/next-greater-permutation_6929564,,,,,,,takeuforward roadmap
61,3,Step 3: Solve Problems on Arrays [Easy -> Medium -> Hard],2,2. Medium,Leaders in an Array problem,Easy,"Arrays, Data Structures",Not Started,,,,https://takeuforward.org/data-structure/leaders-in-an-array/,https://www.youtube.com/watch?v=cHrH9CQ8pmY,,https://www.geeksforgeeks.org/problems/leaders-in-an-array-1587115620/1,https://www.codingninjas.com/codestudio/problems/superior-elements_6783446,https://takeuforward.org/plus/dsa/problems/leaders-in-an-array,,,,,117,takeuforward roadmap
62,3,Step 3: Solve Problems on Arrays [Easy -> Medium -> Hard],2,2. Medium,Longest Consecutive Sequence in an Array,Medium,"Arrays, Hashing, Data Structures",Not Started,,,,https://takeuforward.org/data-structure/longest-consecutive-sequence-in-an-array/,https://www.youtube.com/watch?v=oO5uLE7EUlM,https://leetcode.com/problems/longest-consecutive-sequence/solution/,https://www.geeksforgeeks.org/problems/longest-consecutive-subsequence2449/0,https://www.codingninjas.com/codestudio/problems/longest-successive-elements_6811740,https://takeuforward.org/plus/dsa/problems/longest-consecutive-sequence-in-an-array,,,,,120,takeuforward roadmap
63,3,Step 3: Solve Problems on Arrays [Easy -> Medium -> Hard],2,2. Medium,Set Matrix Zeros,Medium,"Arrays, Data Structures",Not Started,,,,https://takeuforward.org/data-structure/set-matrix-zero/,https://www.youtube.com/watch?v=N0MgLvceX7M,https://leetcode.com/problems/set-matrix-zeroes/,https://www.geeksforgeeks.org/problems/make-zeroes4042/1,https://www.codingninjas.com/codestudio/problems/zero-matrix_1171153,,,,,,124,takeuforward roadmap
64,3,Step 3: Solve Problems on Arrays [Easy -> Medium -> Hard],2,2. Medium,Rotate Matrix by 90 degrees,Medium,"Arrays, Data Structures",Not Started,,,,https://takeuforward.org/data-structure/rotate-image-by-90-degree/,https://www.youtube.com/watch?v=Z0R2u6gd3GU,https://leetcode.com/problems/rotate-image/,https://www.geeksforgeeks.org/problems/rotate-by-90-degree-1587115621/1,https://www.codingninjas.com/codestudio/problems/rotate-the-matrix_6825090,https://takeuforward.org/plus/dsa/problems/rotate-matrix-by-90-degrees,,,,,131,takeuforward roadmap
65,3,Step 3: Solve Problems on Arrays [Easy -> Medium -> Hard],2,2. Medium,Print the matrix in spiral manner,Medium,"Arrays, Data Structures",Not Started,,,,https://takeuforward.org/data-structure/spiral-traversal-of-matrix/,https://www.youtube.com/watch?v=3Zv-s9UUrFM,https://leetcode.com/problems/spiral-matrix/,https://www.geeksforgeeks.org/problems/spiral-matrix--141631/1,https://www.codingninjas.com/codestudio/problems/spiral-matrix_6922069,https://takeuforward.org/plus/dsa/problems/print-the-matrix-in-spiral-manner,,,,,,takeuforward roadmap
66,3,Step 3: Solve Problems on Arrays [Easy -> Medium -> Hard],2,2. Medium,Count subarrays with given sum,Easy,"Arrays, Hashing, Data Structures",Not Started,,,,https://takeuforward.org/arrays/count-subarray-sum-equals-k/,https://www.youtube.com/watch?v=xvNwoz-ufXA,https://leetcode.com/problems/subarray-sum-equals-k/,https://www.codingninjas.com/codestudio/problems/subarray-sums-i_1467103,https://www.codingninjas.com/studio/problems/subarray-sums-i_1467103,https://takeuforward.org/plus/dsa/problems/count-subarrays-with-given-sum,,,,,76,takeuforward roadmap
67,3,Step 3: Solve Problems on Arrays [Easy -> Medium -> Hard],3,3. Hard,Pascal's Triangle,Medium,"Arrays, Data Structures, Maths",Not Started,,,,https://takeuforward.org/data-structure/program-to-generate-pascals-triangle/,https://www.youtube.com/watch?v=bR7mQgwQ_o8,https://leetcode.com/problems/pascals-triangle/,https://www.geeksforgeeks.org/problems/pascal-triangle0652/1,https://www.codingninjas.com/codestudio/problems/print-pascal-s-triangle_6917910,https://takeuforward.org/plus/dsa/problems/pascal's-triangle,,,,,141,takeuforward roadmap
68,3,Step 3: Solve Problems on Arrays [Easy -> Medium -> Hard],3,3. Hard,Majority Element (n/3 times),Medium,"Arrays, Hashing, Data Structures",Not Started,,,,https://takeuforward.org/data-structure/majority-elementsn-3-times-find-the-elements-that-appears-more-than-n-3-times-in-the-array/,https://www.youtube.com/watch?v=vwZj1K0e9U8,https://leetcode.com/problems/majority-element-ii/,,https://www.codingninjas.com/codestudio/problems/majority-element_6915220,https://takeuforward.org/plus/dsa/problems/majority-element-ii,,,,,94,takeuforward roadmap
69,3,Step 3: Solve Problems on Arrays [Easy -> Medium -> Hard],3,3. Hard,3-Sum Problem,Medium,"Arrays, Sorting, Two Pointer, Data Structures, Hashing",Not Started,,,,https://takeuforward.org/data-structure/3-sum-find-triplets-that-add-up-to-a-zero/,https://www.youtube.com/watch?v=DhFh8Kw7ymk,https://leetcode.com/problems/3sum/,https://www.geeksforgeeks.org/problems/3-sum-closest/1,https://www.codingninjas.com/codestudio/problems/three-sum_6922132,https://takeuforward.org/plus/dsa/problems/3-sum,,,,,,takeuforward roadmap
70,3,Step 3: Solve Problems on Arrays [Easy -> Medium -> Hard],3,3. Hard,4-Sum Problem,Hard,"Arrays, Sorting, Data Structures, Two Pointer, Hashing",Not Started,,,,https://takeuforward.org/data-structure/4-sum-find-quads-that-add-up-to-a-target-value/,https://www.youtube.com/watch?v=eD95WRfh81c,https://leetcode.com/problems/4sum/,https://www.geeksforgeeks.org/problems/find-all-four-sum-numbers1732/1,https://www.codingninjas.com/codestudio/problems/4sum_5713771,https://takeuforward.org/plus/dsa/problems/4-sum,,,,,,takeuforward roadmap
71,3,Step 3: Solve Problems on Arrays [Easy -> Medium -> Hard],3,3. Hard,Largest Subarray with 0 Sum,Medium,"Arrays, Hashing, Data Structures",Not Started,,,,https://takeuforward.org/data-structure/length-of-the-longest-subarray-with-zero-sum/,https://www.youtube.com/watch?v=xmguZ6GbatA,,https://www.geeksforgeeks.org/problems/largest-subarray-with-0-sum/1,https://www.codingninjas.com/codestudio/problems/longest-subarray-with-zero-sum_6783450,,,,,,76,takeuforward roadmap
72,3,Step 3: Solve Problems on Arrays [Easy -> Medium -> Hard],3,3. Hard,Count number of subarrays with given xor K,Hard,"Arrays, Hashing, Data Structures",Not Started,,,,https://takeuforward.org/data-structure/count-the-number-of-subarrays-with-given-xor-k/,https://www.youtube.com/watch?v=eZr-6p0B7ME,,https://www.geeksforgeeks.org/problems/subsets-with-xor-value2023/1,https://www.codingninjas.com/codestudio/problems/subarrays-with-xor-k_6826258,https://takeuforward.org/plus/dsa/problems/count-subarrays-with-given-xor-k,https://www.interviewbit.com/problems/subarray-with-given-xor/,InterviewBit,,,162,takeuforward roadmap
73,3,Step 3: Solve Problems on Arrays [Easy -> Medium -> Hard],3,3. Hard,Merge Overlapping Subintervals,Medium,"Arrays, Data Structures, Sorting",Not Started,,,,https://takeuforward.org/data-structure/merge-overlapping-sub-intervals/,https://www.youtube.com/watch?v=IexN60k62jo,https://leetcode.com/problems/merge-intervals/,https://www.geeksforgeeks.org/problems/overlapping-intervals--170633/1,https://www.codingninjas.com/codestudio/problems/merge-all-overlapping-intervals_6783452,,,,,,168,takeuforward roadmap
74,3,Step 3: Solve Problems on Arrays [Easy -> Medium -> Hard],3,3. Hard,Merge two sorted arrays without extra space,Medium,"Arrays, Sorting, Data Structures",Not Started,,,,https://takeuforward.org/data-structure/merge-two-sorted-arrays-without-extra-space/,https://www.youtube.com/watch?v=n7uwj04E0I4,https://leetcode.com/problems/merge-sorted-array/,https://www.geeksforgeeks.org/problems/merge-two-sorted-arrays-1587115620/1,https://www.codingninjas.com/codestudio/problems/merge-two-sorted-arrays-without-extra-space_6898839,https://takeuforward.org/plus/dsa/problems/merge-two-sorted-arrays-without-extra-space,,,,,172,takeuforward roadmap
75,3,Step 3: Solve Problems on Arrays [Easy -> Medium -> Hard],3,3. Hard,Find the repeating and missing number,Hard,"Arrays, Maths, Hashing, Data Structures",Not Started,,,,https://takeuforward.org/data-structure/find-the-repeating-and-missing-numbers/,https://www.youtube.com/watch?v=2D0D8HE6uak,,https://www.geeksforgeeks.org/problems/find-missing-and-repeating2512/1,https://www.codingninjas.com/codestudio/problems/missing-and-repeating-numbers_6828164,https://takeuforward.org/plus/dsa/problems/find-the-repeating-and-missing-number,,,,,173,takeuforward roadmap
76,3,Step 3: Solve Problems on Arrays [Easy -> Medium -> Hard],3,3. Hard,Count Inversions,Hard,"Sorting, Arrays, Data Structures",Not Started,,,,https://takeuforward.org/data-structure/count-inversions-in-an-array/,https://www.youtube.com/watch?v=AseUmwVNaoY,,https://www.geeksforgeeks.org/problems/inversion-of-array-1587115620/1,https://www.codingninjas.com/codestudio/problems/number-of-inversions_6840276,https://takeuforward.org/plus/dsa/problems/count-inversions,,,,,185,takeuforward roadmap
77,3,Step 3: Solve Problems on Arrays [Easy -> Medium -> Hard],3,3. Hard,Reverse Pairs,Hard,"Arrays, Sorting, Data Structures",Not Started,,,,https://takeuforward.org/data-structure/count-reverse-pairs/,https://www.youtube.com/watch?v=0e4bZaP3MDI,https://leetcode.com/problems/reverse-pairs/,https://www.geeksforgeeks.org/problems/pairwise-swap-elements-of-a-linked-list-by-swapping-data/1,https://www.codingninjas.com/codestudio/problems/team-contest_6840309,https://takeuforward.org/plus/dsa/problems/reverse-pairs,,,,,188,takeuforward roadmap
78,3,Step 3: Solve Problems on Arrays [Easy -> Medium -> Hard],3,3. Hard,Maximum Product Subarray,Easy,"Arrays, Data Structures",Not Started,,,,https://takeuforward.org/data-structure/maximum-product-subarray-in-an-array/,https://www.youtube.com/watch?v=hnswaLJvr6g,https://leetcode.com/problems/maximum-product-subarray/,https://www.geeksforgeeks.org/problems/maximum-product-subarray3604/0,https://www.codingninjas.com/codestudio/problems/subarray-with-maximum-product_6890008,https://takeuforward.org/plus/dsa/problems/maximum-product-subarray-in-an-array,,,,,192,takeuforward roadmap
79,4,"Step 4: Binary Search [1D, 2D Arrays, Search Space]",1,1. BS on 1D Arrays,Binary Search to find X in sorted array,Easy,"Arrays, Binary Search, Data Structures",Not Started,,,,https://takeuforward.org/data-structure/binary-search-explained/,https://www.youtube.com/watch?v=MHf6awe89xw,https://leetcode.com/problems/binary-search/,https://www.geeksforgeeks.org/problems/binary-search-1587115620/1,https://www.codingninjas.com/codestudio/problems/binary-search_972,https://takeuforward.org/plus/dsa/problems/search-x-in-sorted-array,,,,,,takeuforward roadmap
80,4,"Step 4: Binary Search [1D, 2D Arrays, Search Space]",1,1. BS on 1D Arrays,Implement Lower Bound,Easy,"Binary Search, Arrays, Data Structures",Not Started,,,,https://takeuforward.org/arrays/implement-lower-bound-bs-2/,https://www.youtube.com/watch?v=6zhGS79oQ4k,,https://www.geeksforgeeks.org/problems/floor-in-a-sorted-array-1587115620/1,https://www.codingninjas.com/codestudio/problems/lower-bound_8165382,https://takeuforward.org/plus/dsa/problems/lower-bound-,,,,,201,takeuforward roadmap
81,4,"Step 4: Binary Search [1D, 2D Arrays, Search Space]",1,1. BS on 1D Arrays,Implement Upper Bound,Easy,"Arrays, Binary Search, Data Structures",Not Started,,,,https://takeuforward.org/arrays/implement-upper-bound/,https://www.youtube.com/watch?v=6zhGS79oQ4k,,https://www.geeksforgeeks.org/problems/ceil-the-floor2802/1,https://www.codingninjas.com/studio/problems/implement-upper-bound_8165383,https://takeuforward.org/plus/dsa/problems/upper-bound,,,,,204,takeuforward roadmap
82,4,"Step 4: Binary Search [1D, 2D Arrays, Search Space]",1,1. BS on 1D Arrays,Search Insert Position,Easy,"Arrays, Binary Search, Data Structures",Not Started,,,,https://takeuforward.org/arrays/search-insert-position/,https://www.youtube.com/watch?v=6zhGS79oQ4k,https://leetcode.com/problems/search-insert-position/,https://www.geeksforgeeks.org/problems/search-insert-position-of-k-in-a-sorted-array/1,https://www.codingninjas.com/codestudio/problems/algorithm-to-find-best-insert-position-in-sorted-array_839813,https://takeuforward.org/plus/dsa/problems/search-insert-position,,,,,207,takeuforward roadmap
83,4,"Step 4: Binary Search [1D, 2D Arrays, Search Space]",1,1. BS on 1D Arrays,Floor/Ceil in Sorted Array,Medium,"Arrays, Data Structures",Not Started,,,,https://takeuforward.org/arrays/floor-and-ceil-in-sorted-array/,https://www.youtube.com/watch?v=6zhGS79oQ4k,,https://www.codingninjas.com/codestudio/problems/ceiling-in-a-sorted-array_1825401,https://www.codingninjas.com/studio/problems/ceiling-in-a-sorted-array_1825401,https://takeuforward.org/plus/dsa/problems/floor-and-ceil-in-sorted-array,,,,,210,takeuforward roadmap
84,4,"Step 4: Binary Search [1D, 2D Arrays, Search Space]",1,1. BS on 1D Arrays,Find the first or last occurrence of a given number in a sorted array,Easy,"Binary Search, Arrays, Data Structures",Not Started,,,,https://takeuforward.org/data-structure/last-occurrence-in-a-sorted-array/,https://www.youtube.com/watch?v=hjR1IYVx9lY,https://leetcode.com/problems/find-first-and-last-position-of-element-in-sorted-array/,https://www.geeksforgeeks.org/problems/first-and-last-occurrences-of-x3116/1,https://www.codingninjas.com/codestudio/problems/first-and-last-position-of-an-element-in-sorted-array_1082549,https://takeuforward.org/plus/dsa/problems/first-and-last-occurrence,,,,,213,takeuforward roadmap
85,4,"Step 4: Binary Search [1D, 2D Arrays, Search Space]",1,1. BS on 1D Arrays,Count occurrences of a number in a sorted array with duplicates,Easy,"Hashing, Arrays, Data Structures",Not Started,,,,https://takeuforward.org/data-structure/count-occurrences-in-sorted-array/,https://www.youtube.com/watch?v=hjR1IYVx9lY,,https://www.geeksforgeeks.org/problems/number-of-occurrence2259/1,https://www.codingninjas.com/codestudio/problems/occurrence-of-x-in-a-sorted-array_630456,,,,,,,takeuforward roadmap
86,4,"Step 4: Binary Search [1D, 2D Arrays, Search Space]",1,1. BS on 1D Arrays,Search in Rotated Sorted Array I,Medium,"Arrays, Binary Search",Not Started,,,,https://takeuforward.org/data-structure/search-element-in-a-rotated-sorted-array/,https://www.youtube.com/watch?v=5qGrJbHhqFs,https://leetcode.com/problems/search-in-rotated-sorted-array/,https://www.geeksforgeeks.org/problems/search-in-a-rotated-array4618/1,https://www.codingninjas.com/codestudio/problems/search-in-rotated-sorted-array_1082554,https://takeuforward.org/plus/dsa/problems/search-in-rotated-sorted-array-i,,,,,221,takeuforward roadmap
87,4,"Step 4: Binary Search [1D, 2D Arrays, Search Space]",1,1. BS on 1D Arrays,Search in Rotated Sorted Array II,Medium,"Arrays, Binary Search",Not Started,,,,https://takeuforward.org/arrays/search-element-in-rotated-sorted-array-ii/,https://www.youtube.com/watch?v=w2G2W8l__pc,https://leetcode.com/problems/search-in-rotated-sorted-array-ii/,https://www.geeksforgeeks.org/problems/search-in-rotated-array-2/1,https://www.codingninjas.com/codestudio/problems/search-in-a-rotated-sorted-array-ii_7449547,https://takeuforward.org/plus/dsa/problems/search-in-rotated-sorted-array-ii,,,,,221,takeuforward roadmap
88,4,"Step 4: Binary Search [1D, 2D Arrays, Search Space]",1,1. BS on 1D Arrays,Find minimum in Rotated Sorted Array,Medium,"Arrays, Data Structures",Not Started,,,,https://takeuforward.org/data-structure/minimum-in-rotated-sorted-array/,https://www.youtube.com/watch?v=nhEMDKMB44g,https://leetcode.com/problems/find-minimum-in-rotated-sorted-array/,https://www.geeksforgeeks.org/problems/minimum-element-in-a-sorted-and-rotated-array3611/1,https://www.codingninjas.com/codestudio/problems/rotated-array_1093219,https://takeuforward.org/plus/dsa/problems/find-minimum-in-rotated-sorted-array,,,,,229,takeuforward roadmap
89,4,"Step 4: Binary Search [1D, 2D Arrays, Search Space]",1,1. BS on 1D Arrays,Find out how many times has an array been rotated,Easy,"Arrays, Data Structures",Not Started,,,,https://takeuforward.org/arrays/find-out-how-many-times-the-array-has-been-rotated/,https://www.youtube.com/watch?v=jtSiWTPLwd0,,https://www.geeksforgeeks.org/problems/rotation4723/1,https://www.codingninjas.com/codestudio/problems/rotation_7449070,https://takeuforward.org/plus/dsa/problems/find-out-how-many-times-the-array-is-rotated,,,,,232,takeuforward roadmap
90,4,"Step 4: Binary Search [1D, 2D Arrays, Search Space]",1,1. BS on 1D Arrays,Single element in a Sorted Array,Easy,"Arrays, Binary Search, Data Structures",Not Started,,,,https://takeuforward.org/data-structure/search-single-element-in-a-sorted-array/,https://www.youtube.com/watch?v=AZOmHuHadxQ,https://leetcode.com/problems/single-element-in-a-sorted-array/,https://www.geeksforgeeks.org/problems/find-the-element-that-appears-once-in-sorted-array0624/1,https://www.codingninjas.com/codestudio/problems/unique-element-in-sorted-array_1112654,https://takeuforward.org/plus/dsa/problems/single-element-in-sorted-array,,,,,234,takeuforward roadmap
91,4,"Step 4: Binary Search [1D, 2D Arrays, Search Space]",1,1. BS on 1D Arrays,Find peak element,Hard,"Arrays, Binary Search",Not Started,,,,https://takeuforward.org/data-structure/peak-element-in-array/,https://www.youtube.com/watch?v=cXxmbemS6XM,https://leetcode.com/problems/find-peak-element/,https://www.geeksforgeeks.org/problems/peak-element/1,https://www.codingninjas.com/codestudio/problems/find-peak-element_1081482,https://takeuforward.org/plus/dsa/problems/find-peak-element,,,,,313,takeuforward roadmap
92,4,"Step 4: Binary Search [1D, 2D Arrays, Search Space]",2,2. BS on Answers,Find square root of a number in log n,Medium,"Binary Search, Data Structures",Not Started,,,,https://takeuforward.org/binary-search/finding-sqrt-of-a-number-using-binary-search/,https://www.youtube.com/watch?v=Bsv3FPUX_BA,,https://www.geeksforgeeks.org/problems/square-root/0,https://www.codingninjas.com/codestudio/problems/square-root-integral_893351,https://takeuforward.org/plus/dsa/problems/find-square-root-of-a-number,,,,,,takeuforward roadmap
93,4,"Step 4: Binary Search [1D, 2D Arrays, Search Space]",2,2. BS on Answers,Find the Nth root of a number using binary search,Medium,"Binary Search, Data Structures",Not Started,,,,https://takeuforward.org/data-structure/nth-root-of-a-number-using-binary-search/,https://www.youtube.com/watch?v=rjEJeYCasHs,,https://www.geeksforgeeks.org/problems/find-nth-root-of-m5843/1,https://www.codingninjas.com/codestudio/problems/nth-root-of-m_1062679,https://takeuforward.org/plus/dsa/problems/find-nth-root-of-a-number,,,,,244,takeuforward roadmap
94,4,"Step 4: Binary Search [1D, 2D Arrays, Search Space]",2,2. BS on Answers,Koko Eating Bananas,Hard,"Arrays, Binary Search, Data Structures",Not Started,,,,https://takeuforward.org/binary-search/koko-eating-bananas/,https://www.youtube.com/watch?v=qyfekrNni90,https://leetcode.com/problems/koko-eating-bananas/,https://www.geeksforgeeks.org/problems/koko-eating-bananas/1,https://www.codingninjas.com/codestudio/problems/minimum-rate-to-eat-bananas_7449064,https://takeuforward.org/plus/dsa/problems/koko-eating-bananas,,,,,247,takeuforward roadmap
95,4,"Step 4: Binary Search [1D, 2D Arrays, Search Space]",2,2. BS on Answers,Minimum days to make M bouquets,Hard,"Arrays, Binary Search, Data Structures",Not Started,,,,https://takeuforward.org/arrays/minimum-days-to-make-m-bouquets/,https://www.youtube.com/watch?v=TXAuxeYBTdg,https://leetcode.com/problems/minimum-number-of-days-to-make-m-bouquets/,https://www.geeksforgeeks.org/problems/minimum-days-to-make-m-bouquets/1,https://www.codingninjas.com/codestudio/problems/rose-garden_2248080,https://takeuforward.org/plus/dsa/problems/minimum-days-to-make-m-bouquets,,,,,250,takeuforward roadmap
96,4,"Step 4: Binary Search [1D, 2D Arrays, Search Space]",2,2. BS on Answers,Find the smallest Divisor,Easy,"Maths, Data Structures",Not Started,,,,https://takeuforward.org/arrays/find-the-smallest-divisor-given-a-threshold/,https://www.youtube.com/watch?v=UvBKTVaG6U8,https://leetcode.com/problems/find-the-smallest-divisor-given-a-threshold/,https://www.geeksforgeeks.org/problems/smallest-divisor/1,https://www.codingninjas.com/codestudio/problems/smallest-divisor-with-the-given-limit_1755882,https://takeuforward.org/plus/dsa/problems/find-the-smallest-divisor,,,,,256,takeuforward roadmap
97,4,"Step 4: Binary Search [1D, 2D Arrays, Search Space]",2,2. BS on Answers,Capacity to Ship Packages within D Days,Hard,"Arrays, Binary Search, Data Structures",Not Started,,,,https://takeuforward.org/arrays/capacity-to-ship-packages-within-d-days/,https://www.youtube.com/watch?v=MG-Ac4TAvTY,https://leetcode.com/problems/capacity-to-ship-packages-within-d-days/,https://www.geeksforgeeks.org/problems/capacity-to-ship-packages-within-d-days/1,https://www.codingninjas.com/codestudio/problems/capacity-to-ship-packages-within-d-days_1229379,,,,,,259,takeuforward roadmap
98,4,"Step 4: Binary Search [1D, 2D Arrays, Search Space]",2,2. BS on Answers,Kth Missing Positive Number,Easy,"Arrays, Binary Search, Data Structures",Not Started,,,,https://takeuforward.org/arrays/kth-missing-positive-number/,https://www.youtube.com/watch?v=uZ0N_hZpyps,https://leetcode.com/problems/kth-missing-positive-number/,https://www.geeksforgeeks.org/problems/k-th-missing-element3635/1,https://www.codingninjas.com/codestudio/problems/kth-missing-element_893215,,,,,,263,takeuforward roadmap
99,4,"Step 4: Binary Search [1D, 2D Arrays, Search Space]",2,2. BS on Answers,Aggressive Cows,Hard,"Arrays, Binary Search, Data Structures",Not Started,,,,https://takeuforward.org/data-structure/aggressive-cows-detailed-solution/,https://www.youtube.com/watch?v=R_Mfw4ew-Vo,,https://www.geeksforgeeks.org/problems/aggressive-cows/1,https://www.codingninjas.com/codestudio/problems/aggressive-cows_1082559,https://takeuforward.org/plus/dsa/problems/aggressive-cows,https://www.spoj.com/problems/AGGRCOW/,SPOJ,,,265,takeuforward roadmap
100,4,"Step 4: Binary Search [1D, 2D Arrays, Search Space]",2,2. BS on Answers,Book Allocation Problem,Hard,"Arrays, Data Structures, Binary Search",Not Started,,,,https://takeuforward.org/data-structure/allocate-minimum-number-of-pages/,https://www.youtube.com/watch?v=Z0hwjftStI4,,https://www.geeksforgeeks.org/problems/allocate-minimum-number-of-pages0937/1,https://www.codingninjas.com/codestudio/problems/allocate-books_1090540,https://takeuforward.org/plus/dsa/problems/book-allocation-problem,https://www.naukri.com/code360/problems/allocate-books_1090540,Naukri Code360,,,273,takeuforward roadmap
101,4,"Step 4: Binary Search [1D, 2D Arrays, Search Space]",2,2. BS on Answers,Split array - Largest Sum,Hard,"Arrays, Binary Search, Data Structures, Dynamic Programming",Not Started,,,,https://takeuforward.org/arrays/split-array-largest-sum/,https://www.youtube.com/watch?v=thUd_WJn6wk,https://leetcode.com/problems/split-array-largest-sum/,https://www.geeksforgeeks.org/problems/largest-sum-subarray-of-size-at-least-k3121/1,https://www.codingninjas.com/codestudio/problems/largest-subarray-sum-minimized_7461751,https://takeuforward.org/plus/dsa/problems/split-array---largest-sum,,,,,274,takeuforward roadmap
102,4,"Step 4: Binary Search [1D, 2D Arrays, Search Space]",2,2. BS on Answers,Painter's partition,Hard,"Arrays, Binary Search, Data Structures",Not Started,,,,https://takeuforward.org/arrays/painters-partition-problem/,https://www.youtube.com/watch?v=thUd_WJn6wk,,,https://www.codingninjas.com/studio/problems/painter-s-partition-problem_1089557,,,,,,278,takeuforward roadmap
103,4,"Step 4: Binary Search [1D, 2D Arrays, Search Space]",2,2. BS on Answers,Minimize Max Distance to Gas Station,Hard,"Arrays, Binary Search, Data Structures",Not Started,,,,https://takeuforward.org/arrays/minimise-maximum-distance-between-gas-stations/,https://www.youtube.com/watch?v=kMSBvlZ-_HA,https://leetcode.com/problems/minimize-max-distance-to-gas-station/,https://www.geeksforgeeks.org/problems/minimize-max-distance-to-gas-station/1,https://www.codingninjas.com/codestudio/problems/minimise-max-distance_7541449,https://takeuforward.org/plus/dsa/problems/minimise-max-distance-to-gas-stations,,,,,,takeuforward roadmap
104,4,"Step 4: Binary Search [1D, 2D Arrays, Search Space]",2,2. BS on Answers,Median of 2 sorted arrays,Hard,"Arrays, Binary Search, Data Structures",Not Started,,,,https://takeuforward.org/data-structure/median-of-two-sorted-arrays-of-different-sizes/,https://www.youtube.com/watch?v=C2rRzz-JDk8,https://leetcode.com/problems/median-of-two-sorted-arrays/,https://www.geeksforgeeks.org/problems/median-of-2-sorted-arrays-of-different-sizes/1,https://www.codingninjas.com/codestudio/problems/median-of-two-sorted-arrays_985294,https://takeuforward.org/plus/dsa/problems/median-of-2-sorted-arrays,,,,,286,takeuforward roadmap
105,4,"Step 4: Binary Search [1D, 2D Arrays, Search Space]",2,2. BS on Answers,Kth element of 2 sorted arrays,Medium,"Arrays, Data Structures",Not Started,,,,https://takeuforward.org/data-structure/k-th-element-of-two-sorted-arrays/,https://www.youtube.com/watch?v=D1oDwWCq50g,,https://www.geeksforgeeks.org/problems/k-th-element-of-two-sorted-array1317/1,https://www.codingninjas.com/codestudio/problems/k-th-element-of-2-sorted-array_1164159,https://takeuforward.org/plus/dsa/problems/kth-element-of-2-sorted-arrays,,,,,290,takeuforward roadmap
106,4,"Step 4: Binary Search [1D, 2D Arrays, Search Space]",3,3. BS on 2D Arrays,Find the row with maximum number of 1's,Easy,"Arrays, Data Structures",Not Started,,,,https://takeuforward.org/arrays/find-the-row-with-maximum-number-of-1s/,https://www.youtube.com/watch?v=SCz-1TtYxDI,,https://www.geeksforgeeks.org/problems/row-with-max-1s0023/1,https://www.codingninjas.com/codestudio/problems/row-of-a-matrix-with-maximum-ones_982768,https://takeuforward.org/plus/dsa/problems/find-row-with-maximum-1's,,,,,295,takeuforward roadmap
107,4,"Step 4: Binary Search [1D, 2D Arrays, Search Space]",3,3. BS on 2D Arrays,Search in a 2 D matrix,Medium,"Binary Search, Arrays, Data Structures",Not Started,,,,https://takeuforward.org/data-structure/search-in-a-sorted-2d-matrix/,https://www.youtube.com/watch?v=JXU4Akft7yk,https://leetcode.com/problems/search-a-2d-matrix/,https://www.geeksforgeeks.org/problems/search-in-a-matrix17201720/1,https://www.codingninjas.com/codestudio/problems/search-in-a-2d-matrix_980531,https://takeuforward.org/plus/dsa/problems/search-in-a-2d-matrix,,,,,300,takeuforward roadmap
108,4,"Step 4: Binary Search [1D, 2D Arrays, Search Space]",3,3. BS on 2D Arrays,Search in a row and column wise sorted matrix,Medium,"Arrays, Binary Search, Data Structures",Not Started,,,,https://takeuforward.org/arrays/search-in-a-row-and-column-wise-sorted-matrix/,https://www.youtube.com/watch?v=9ZbB397jU4k,https://leetcode.com/problems/search-a-2d-matrix-ii/,https://www.codingninjas.com/codestudio/problems/search-in-a-row-wise-and-column-wise-sorted-matrix_839811,https://www.codingninjas.com/codestudio/problems/search-in-a-sorted-2d-matrix_6917532,https://takeuforward.org/plus/dsa/problems/search-in-2d-matrix-ii,,,,,307,takeuforward roadmap
109,4,"Step 4: Binary Search [1D, 2D Arrays, Search Space]",3,3. BS on 2D Arrays,Find Peak Element (2D Matrix),Hard,"Arrays, Binary Search",Not Started,,,,,https://www.youtube.com/watch?v=nGGp5XBzC4g,https://leetcode.com/problems/find-a-peak-element-ii/,https://www.naukri.com/code360/problems/find-peak-element_7449073,https://www.codingninjas.com/codestudio/problems/find-peak-element_7449073,https://takeuforward.org/plus/dsa/problems/find-peak-element,,,,,313,takeuforward roadmap
110,4,"Step 4: Binary Search [1D, 2D Arrays, Search Space]",3,3. BS on 2D Arrays,Matrix Median,Hard,"Binary Search, Arrays, Data Structures",Not Started,,,,https://takeuforward.org/data-structure/median-of-row-wise-sorted-matrix/,https://www.youtube.com/watch?v=Q9wXgdxJq48,,https://www.geeksforgeeks.org/problems/median-in-a-row-wise-sorted-matrix1527/1,https://www.codingninjas.com/codestudio/problems/median-of-a-row-wise-sorted-matrix_1115473,https://takeuforward.org/plus/dsa/problems/matrix-median,,,,,318,takeuforward roadmap
111,5,Step 5: Strings [Basic and Medium],1,1. Basic and Easy String Problems,Remove outermost Paranthesis,Easy,"String, Stack",Not Started,,,,,,https://leetcode.com/problems/remove-outermost-parentheses/,https://www.geeksforgeeks.org/problems/outermost-parentheses/1,https://www.codingninjas.com/codestudio/problems/maximum-nesting-depth-of-the-parentheses_8144741,,,,,,326,takeuforward roadmap
112,5,Step 5: Strings [Basic and Medium],1,1. Basic and Easy String Problems,Reverse words in a given string / Palindrome Check,Easy,"Two Pointer, String, Data Structures",Not Started,,,,https://takeuforward.org/data-structure/reverse-words-in-a-string/,,https://leetcode.com/problems/reverse-words-in-a-string/,https://www.geeksforgeeks.org/problems/reverse-words-in-a-given-string5459/1,https://www.codingninjas.com/studio/problems/reverse-words-in-a-string_696444,https://takeuforward.org/plus/dsa/problems/reverse-every-word-in-a-string,,,,,,takeuforward roadmap
113,5,Step 5: Strings [Basic and Medium],1,1. Basic and Easy String Problems,Largest odd number in a string,Easy,"String, Data Structures",Not Started,,,,,,https://leetcode.com/problems/largest-odd-number-in-string/,https://www.geeksforgeeks.org/problems/largest-odd-number-in-string/1,,https://takeuforward.org/plus/dsa/problems/largest-odd-number-in-a-string,,,,,335,takeuforward roadmap
114,5,Step 5: Strings [Basic and Medium],1,1. Basic and Easy String Problems,Longest Common Prefix,Easy,"String, Data Structures",Not Started,,,,,,https://leetcode.com/problems/longest-common-prefix/,https://www.geeksforgeeks.org/problems/longest-common-prefix-in-an-array5129/1,https://www.codingninjas.com/studio/problems/longest-common-prefix_628874,https://takeuforward.org/plus/dsa/problems/longest-common-prefix,,,,,339,takeuforward roadmap
115,5,Step 5: Strings [Basic and Medium],1,1. Basic and Easy String Problems,Isomorphic String,Easy,"String, Data Structures",Not Started,,,,,,https://leetcode.com/problems/isomorphic-strings/,https://www.geeksforgeeks.org/problems/isomorphic-strings-1587115620/1,https://www.codingninjas.com/studio/problems/isomorphic-strings-_1117636,https://takeuforward.org/plus/dsa/problems/isomorphic-string,,,,,343,takeuforward roadmap
116,5,Step 5: Strings [Basic and Medium],1,1. Basic and Easy String Problems,check whether one string is a rotation of another,Medium,"String, Data Structures",Not Started,,,,,,https://leetcode.com/problems/rotate-string/,https://www.geeksforgeeks.org/problems/check-if-strings-are-rotations-of-each-other-or-not-1587115620/1,https://www.codingninjas.com/studio/problems/check-if-one-string-is-a-rotation-of-another-string_1115683,https://takeuforward.org/plus/dsa/problems/rotate-string,,,,,348,takeuforward roadmap
117,5,Step 5: Strings [Basic and Medium],1,1. Basic and Easy String Problems,Check if two strings are anagram of each other,Medium,"String, Data Structures",Not Started,,,,https://takeuforward.org/data-structure/check-if-two-strings-are-anagrams-of-each-other/,,https://leetcode.com/problems/valid-anagram/,https://www.geeksforgeeks.org/dsa/check-whether-two-strings-are-anagram-of-each-other/,https://www.codingninjas.com/studio/problems/anagram-pairs_626517,https://takeuforward.org/plus/dsa/problems/valid-anagram,,,,,353,takeuforward roadmap
118,5,Step 5: Strings [Basic and Medium],2,2. Medium String Problems,Sort Characters by frequency,Easy,"Arrays, Hashing, Data Structures",Not Started,,,,,,https://leetcode.com/problems/sort-characters-by-frequency/,https://www.geeksforgeeks.org/problems/sorting-elements-of-an-array-by-frequency/0,https://www.codingninjas.com/studio/problems/sorting-characters-by-frequency_1263699,https://takeuforward.org/plus/dsa/problems/sort-characters-by-frequency,,,,,357,takeuforward roadmap
119,5,Step 5: Strings [Basic and Medium],2,2. Medium String Problems,Maximum Nesting Depth of Paranthesis,Easy,"String, Stack",Not Started,,,,,,https://leetcode.com/problems/maximum-nesting-depth-of-the-parentheses/,https://www.geeksforgeeks.org/problems/maximum-nesting-depth-of-the-parentheses/1,,,,,,,361,takeuforward roadmap
120,5,Step 5: Strings [Basic and Medium],2,2. Medium String Problems,Roman Number to Integer and vice versa,Easy,"Hashing, Maths, String",Not Started,,,,,,https://leetcode.com/problems/roman-to-integer/,https://www.geeksforgeeks.org/problems/roman-number-to-integer3201/1,https://www.codingninjas.com/studio/problems/roman-numeral-to-integer_981308,,,,,,,takeuforward roadmap
121,5,Step 5: Strings [Basic and Medium],2,2. Medium String Problems,Implement Atoi,Medium,"String, Data Structures",Not Started,,,,,,https://leetcode.com/problems/string-to-integer-atoi/,https://www.geeksforgeeks.org/problems/implement-atoi/1,https://www.codingninjas.com/studio/problems/implement-atoi-function_981270,,,,,,369,takeuforward roadmap
122,5,Step 5: Strings [Basic and Medium],2,2. Medium String Problems,Count Number of Substrings,Medium,"String, Data Structures",Not Started,,,,,,,https://www.geeksforgeeks.org/problems/count-number-of-substrings4528/1,https://www.codingninjas.com/studio/problems/count-with-k-different-characters_1214627,,,,https://leetcode.com/problems/subarrays-with-k-different-integers,codolio,374,takeuforward roadmap
123,5,Step 5: Strings [Basic and Medium],2,2. Medium String Problems,Longest Palindromic Substring[Do it without DP],Hard,"String, Data Structures",Not Started,,,,,,https://leetcode.com/problems/longest-palindromic-substring/,https://www.geeksforgeeks.org/problems/longest-palindrome-in-a-string3411/1,,,,,,,379,takeuforward roadmap
124,5,Step 5: Strings [Basic and Medium],2,2. Medium String Problems,Sum of Beauty of all substring,Medium,"Hashing, Data Structures, String",Not Started,,,,,,https://leetcode.com/problems/sum-of-beauty-of-all-substrings/,https://www.geeksforgeeks.org/problems/sum-of-beauty-of-all-substrings-1662962118/1%5C,https://www.codingninjas.com/studio/problems/sum-of-beauty-of-all-substrings_8143656,,,,,,383,takeuforward roadmap
125,5,Step 5: Strings [Basic and Medium],2,2. Medium String Problems,Reverse Every Word in A String,Easy,"Two Pointer, String, Data Structures",Not Started,,,,,,https://leetcode.com/problems/reverse-words-in-a-string/,https://practice.geeksforgeeks.org/problems/reverse-words-in-a-given-string5459/1,https://www.codingninjas.com/codestudio/problems/reverse-words_7037425,https://takeuforward.org/plus/dsa/problems/reverse-every-word-in-a-string,,,,,387,takeuforward roadmap
126,6,"Step 6: Learn LinkedList [Single LL, Double LL, Medium, Hard Problems]",1,1. Learn 1D LinkedList,"Introduction to LinkedList, learn about struct, and how is node represented",Easy,"Linked List, Data Structures",Not Started,,,,https://takeuforward.org/linked-list/linked-list-introduction,https://www.youtube.com/watch?v=Nq7ok-OyEpg,,https://www.geeksforgeeks.org/problems/introduction-to-linked-list/1,https://www.codingninjas.com/studio/problems/introduction-to-linked-list_8144737,,,,,,,takeuforward roadmap
127,6,"Step 6: Learn LinkedList [Single LL, Double LL, Medium, Hard Problems]",1,1. Learn 1D LinkedList,Inserting a node in LinkedList,Easy,"Linked List, Data Structures",Not Started,,,,https://takeuforward.org/linked-list/insert-at-the-head-of-a-linked-list,https://www.youtube.com/watch?v=VaECK03Dz-g&t=1934,,https://www.geeksforgeeks.org/problems/linked-list-insertion-1587115620/0,https://www.codingninjas.com/studio/problems/insert-node-at-the-beginning_8144739,https://takeuforward.org/plus/dsa/problems/insertion-at-the-head-of-ll,,,,,,takeuforward roadmap
128,6,"Step 6: Learn LinkedList [Single LL, Double LL, Medium, Hard Problems]",1,1. Learn 1D LinkedList,Deleting a node in LinkedList,Medium,"Linked List, Data Structures",Not Started,,,,https://takeuforward.org/data-structure/delete-last-node-of-linked-list/,https://www.youtube.com/watch?v=VaECK03Dz-g,https://leetcode.com/problems/delete-node-in-a-linked-list/,https://www.geeksforgeeks.org/problems/delete-a-node-in-single-linked-list/1,https://www.codingninjas.com/studio/problems/delete-node-of-linked-list_8160463,https://takeuforward.org/plus/dsa/problems/deletion-of-the-head-of-ll,,,,,,takeuforward roadmap
129,6,"Step 6: Learn LinkedList [Single LL, Double LL, Medium, Hard Problems]",1,1. Learn 1D LinkedList,Find the length of the linkedlist [learn traversal],Easy,"Linked List, Data Structures",Not Started,,,,https://takeuforward.org/linked-list/find-the-length-of-a-linked-list,https://www.youtube.com/watch?v=Nq7ok-OyEpg&t=2240,,https://www.geeksforgeeks.org/problems/count-nodes-of-linked-list/0,https://www.codingninjas.com/studio/problems/count-nodes-of-linked-list_5884,,,,,,434,takeuforward roadmap
130,6,"Step 6: Learn LinkedList [Single LL, Double LL, Medium, Hard Problems]",1,1. Learn 1D LinkedList,Search an element in the LL,Easy,"Linked List, Data Structures",Not Started,,,,https://takeuforward.org/linked-list/search-an-element-in-a-linked-list,https://www.youtube.com/watch?v=Nq7ok-OyEpg&t=2524,,https://www.geeksforgeeks.org/problems/search-in-linked-list-1664434326/1,https://www.codingninjas.com/studio/problems/search-in-a-linked-list_975381,,,,,,439,takeuforward roadmap
131,6,"Step 6: Learn LinkedList [Single LL, Double LL, Medium, Hard Problems]",2,2. Learn Doubly LinkedList,"Introduction to DLL, learn about struct, and how is node represented",Easy,"Linked List, Data Structures",Not Started,,,,https://takeuforward.org/linked-list/introduction-to-doubly-linked-list,https://www.youtube.com/watch?v=0eKMU10uEDI,,https://www.geeksforgeeks.org/problems/introduction-to-doubly-linked-list/1,https://www.codingninjas.com/studio/problems/introduction-to-doubly-linked-list_8160413,https://takeuforward.org/plus/dsa/problems/introduction-to-doubly-ll,,,,,,takeuforward roadmap
132,6,"Step 6: Learn LinkedList [Single LL, Double LL, Medium, Hard Problems]",2,2. Learn Doubly LinkedList,Insert a node in DLL,Easy,"Linked List, Data Structures",Not Started,,,,https://takeuforward.org/data-structure/insert-at-end-of-doubly-linked-list/,https://www.youtube.com/watch?v=0eKMU10uEDI&t=2684,,https://www.geeksforgeeks.org/problems/insert-a-node-in-doubly-linked-list/1,https://www.codingninjas.com/studio/problems/insert-at-end-of-doubly-linked-list_8160464,https://takeuforward.org/plus/dsa/problems/insert-node-before-head-in-dll,,,,,,takeuforward roadmap
133,6,"Step 6: Learn LinkedList [Single LL, Double LL, Medium, Hard Problems]",2,2. Learn Doubly LinkedList,Delete a node in DLL,Medium,"Linked List, Data Structures",Not Started,,,,https://takeuforward.org/data-structure/delete-last-node-of-a-doubly-linked-list/,https://www.youtube.com/watch?v=0eKMU10uEDI&t=853,,https://www.geeksforgeeks.org/problems/delete-node-in-doubly-linked-list/1,https://www.codingninjas.com/studio/problems/delete-last-node-of-a-doubly-linked-list_8160469,https://takeuforward.org/plus/dsa/problems/delete-head-of-dll,,,,,429,takeuforward roadmap
134,6,"Step 6: Learn LinkedList [Single LL, Double LL, Medium, Hard Problems]",2,2. Learn Doubly LinkedList,Reverse a DLL,Medium,"Linked List, Data Structures",Not Started,,,,https://takeuforward.org/data-structure/reverse-a-doubly-linked-list/,https://www.youtube.com/watch?v=u3WUW2qe6ww,,https://www.geeksforgeeks.org/problems/reverse-a-doubly-linked-list/1,https://www.codingninjas.com/studio/problems/reverse-a-doubly-linked-list_1116098,,,,,,,takeuforward roadmap
135,6,"Step 6: Learn LinkedList [Single LL, Double LL, Medium, Hard Problems]",3,3. Medium Problems of LL,Middle of a LinkedList [TortoiseHare Method],Easy,"Linked List, Data Structures",Not Started,,,,https://takeuforward.org/data-structure/find-middle-element-in-a-linked-list/,https://www.youtube.com/watch?v=7LjQ57RqgEc,https://leetcode.com/problems/middle-of-the-linked-list/,https://www.geeksforgeeks.org/problems/finding-middle-element-in-a-linked-list/1,https://www.codingninjas.com/studio/problems/middle-of-linked-list_973250,https://takeuforward.org/plus/dsa/problems/find-middle-of-linked-list,,,,,451,takeuforward roadmap
136,6,"Step 6: Learn LinkedList [Single LL, Double LL, Medium, Hard Problems]",3,3. Medium Problems of LL,Reverse a LinkedList [Iterative],Easy,"Linked List, Data Structures",Not Started,,,,https://takeuforward.org/data-structure/reverse-a-linked-list/,https://www.youtube.com/watch?v=D2vI2DNJGd8,https://leetcode.com/problems/reverse-linked-list/,https://www.geeksforgeeks.org/problems/reverse-a-linked-list/1,https://www.codingninjas.com/studio/problems/reverse-linked-list_920513,https://takeuforward.org/plus/dsa/problems/reverse-a-ll,,,,,456,takeuforward roadmap
137,6,"Step 6: Learn LinkedList [Single LL, Double LL, Medium, Hard Problems]",3,3. Medium Problems of LL,Reverse a LL [Recursive],Easy,"Linked List, Data Structures",Not Started,,,,https://takeuforward.org/data-structure/reverse-a-linked-list/,https://www.youtube.com/watch?v=D2vI2DNJGd8,https://leetcode.com/problems/reverse-linked-list/,https://www.geeksforgeeks.org/problems/reverse-a-linked-list/1,https://www.codingninjas.com/studio/problems/reverse-linked-list_920513,https://takeuforward.org/plus/dsa/problems/reverse-a-ll,,,,,,takeuforward roadmap
138,6,"Step 6: Learn LinkedList [Single LL, Double LL, Medium, Hard Problems]",3,3. Medium Problems of LL,Detect a loop in LL,Medium,"Linked List, Data Structures",Not Started,,,,https://takeuforward.org/data-structure/detect-a-cycle-in-a-linked-list/,https://www.youtube.com/watch?v=wiOo4DC5GGA,https://leetcode.com/problems/linked-list-cycle/,https://www.geeksforgeeks.org/problems/detect-loop-in-linked-list/1,https://www.codingninjas.com/studio/problems/cycle-detection-in-a-singly-linked-list_628974,https://takeuforward.org/plus/dsa/problems/detect-a-loop-in-ll,,,,,,takeuforward roadmap
139,6,"Step 6: Learn LinkedList [Single LL, Double LL, Medium, Hard Problems]",3,3. Medium Problems of LL,Find the starting point in LL,Medium,"Linked List, Hashing, Two Pointer, Data Structures",Not Started,,,,https://takeuforward.org/data-structure/starting-point-of-loop-in-a-linked-list/,https://www.youtube.com/watch?v=2Kd0KKmmHFc,https://leetcode.com/problems/linked-list-cycle-ii/,https://www.geeksforgeeks.org/problems/delete-all-occurrences-of-a-given-key-in-a-doubly-linked-list/1,https://www.codingninjas.com/studio/problems/linked-list-cycle-ii_1112628,https://takeuforward.org/plus/dsa/problems/find-the-starting-point-in-ll,,,,,464,takeuforward roadmap
140,6,"Step 6: Learn LinkedList [Single LL, Double LL, Medium, Hard Problems]",3,3. Medium Problems of LL,Length of Loop in LL,Easy,"Linked List, Data Structures",Not Started,,,,https://takeuforward.org/linked-list/length-of-loop-in-linked-list,https://www.youtube.com/watch?v=I4g1qbkTPus,,https://www.geeksforgeeks.org/problems/find-length-of-loop/1,https://www.codingninjas.com/studio/problems/find-length-of-loop_8160455,https://takeuforward.org/plus/dsa/problems/length-of-loop-in-ll,,,,,469,takeuforward roadmap
141,6,"Step 6: Learn LinkedList [Single LL, Double LL, Medium, Hard Problems]",3,3. Medium Problems of LL,Check if LL is palindrome or not,Medium,"Linked List, Data Structures",Not Started,,,,https://takeuforward.org/data-structure/check-if-given-linked-list-is-plaindrome/,https://www.youtube.com/watch?v=lRY_G-u_8jk,https://leetcode.com/problems/palindrome-linked-list/,https://www.geeksforgeeks.org/problems/check-if-linked-list-is-pallindrome/1,https://www.codingninjas.com/studio/problems/check-if-linked-list-is-palindrome_985248,https://takeuforward.org/plus/dsa/problems/check-if-ll-is-palindrome-or-not,,,,,,takeuforward roadmap
142,6,"Step 6: Learn LinkedList [Single LL, Double LL, Medium, Hard Problems]",3,3. Medium Problems of LL,Segrregate odd and even nodes in LL,Medium,"Linked List, Data Structures",Not Started,,,,https://takeuforward.org/data-structure/segregate-even-and-odd-nodes-in-linkedlist,https://www.youtube.com/watch?v=qf6qp7GzD5Q,https://leetcode.com/problems/odd-even-linked-list/,https://www.geeksforgeeks.org/problems/segregate-even-and-odd-nodes-in-a-linked-list5035/1,https://www.codingninjas.com/studio/problems/segregate-even-and-odd-nodes-in-a-linked-list_1116100,https://takeuforward.org/plus/dsa/problems/segregate-odd-and-even-nodes-in-ll,,,,,,takeuforward roadmap
143,6,"Step 6: Learn LinkedList [Single LL, Double LL, Medium, Hard Problems]",3,3. Medium Problems of LL,Remove Nth node from the back of the LL,Medium,"Linked List, Two Pointer, Data Structures",Not Started,,,,https://takeuforward.org/data-structure/remove-n-th-node-from-the-end-of-a-linked-list/,https://www.youtube.com/watch?v=3kMKYQ2wNIU,https://leetcode.com/problems/remove-nth-node-from-end-of-list/,https://www.geeksforgeeks.org/problems/nth-node-from-end-of-linked-list/1,https://www.codingninjas.com/studio/problems/delete-kth-node-from-end_799912,https://takeuforward.org/plus/dsa/problems/remove-nth-node-from-the-back-of-the-ll,,,,,,takeuforward roadmap
144,6,"Step 6: Learn LinkedList [Single LL, Double LL, Medium, Hard Problems]",3,3. Medium Problems of LL,Delete the middle node of LL,Medium,"Linked List, Data Structures",Not Started,,,,https://takeuforward.org/linked-list/delete-the-middle-node-of-the-linked-list,https://www.youtube.com/watch?v=ePpV-_pfOeI,https://leetcode.com/problems/delete-the-middle-node-of-a-linked-list/,https://www.geeksforgeeks.org/problems/delete-middle-of-linked-list/1,https://www.codingninjas.com/studio/problems/delete-middle-node_763267,https://takeuforward.org/plus/dsa/problems/delete-the-middle-node-in-ll,,,,,485,takeuforward roadmap
145,6,"Step 6: Learn LinkedList [Single LL, Double LL, Medium, Hard Problems]",3,3. Medium Problems of LL,Sort LL,Medium,"Linked List, Data Structures",Not Started,,,,https://takeuforward.org/linked-list/sort-a-linked-list,https://www.youtube.com/watch?v=8ocB7a_c-Cc,https://leetcode.com/problems/sort-list/,https://www.geeksforgeeks.org/problems/linked-list-that-is-sorted-alternatingly/1,https://www.codingninjas.com/studio/problems/sort-linked-list_625193,https://takeuforward.org/plus/dsa/problems/sort-ll,,,,,,takeuforward roadmap
146,6,"Step 6: Learn LinkedList [Single LL, Double LL, Medium, Hard Problems]",3,3. Medium Problems of LL,Sort a LL of 0's 1's and 2's by changing links,Medium,"Arrays, Two Pointer, Data Structures",Not Started,,,,,https://www.youtube.com/watch?v=gRII7LhdJWc,,https://www.geeksforgeeks.org/problems/given-a-linked-list-of-0s-1s-and-2s-sort-it/1,https://www.codingninjas.com/studio/problems/sort-linked-list-of-0s-1s-2s_1071937,https://takeuforward.org/plus/dsa/problems/sort-a-ll-of-0's-1's-and-2's,,,,,,takeuforward roadmap
147,6,"Step 6: Learn LinkedList [Single LL, Double LL, Medium, Hard Problems]",3,3. Medium Problems of LL,Find the intersection point of Y LL,Medium,"Linked List, Data Structures",Not Started,,,,https://takeuforward.org/data-structure/find-intersection-of-two-linked-lists/,https://www.youtube.com/watch?v=0DYoPz2Tpt4,https://leetcode.com/problems/intersection-of-two-linked-lists/,https://www.geeksforgeeks.org/problems/intersection-of-two-linked-list/1,https://www.codingninjas.com/studio/problems/-intersection-of-two-linked-lists_630457,https://takeuforward.org/plus/dsa/problems/find-the-intersection-point-of-y-ll,,,,,,takeuforward roadmap
148,6,"Step 6: Learn LinkedList [Single LL, Double LL, Medium, Hard Problems]",3,3. Medium Problems of LL,Add 1 to a number represented by LL,Medium,"Linked List, Data Structures",Not Started,,,,,https://www.youtube.com/watch?v=aXQWhbvT3w0,,https://www.geeksforgeeks.org/problems/add-1-to-a-number-represented-as-linked-list/1,https://www.codingninjas.com/studio/problems/add-one-to-a-number-represented-as-linked-list_920557,https://takeuforward.org/plus/dsa/problems/add-one-to-a-number-represented-by-ll/,,,,,506,takeuforward roadmap
149,6,"Step 6: Learn LinkedList [Single LL, Double LL, Medium, Hard Problems]",3,3. Medium Problems of LL,Add 2 numbers in LL,Medium,"Linked List, Data Structures",Not Started,,,,https://takeuforward.org/data-structure/add-two-numbers-represented-as-linked-lists/,https://www.youtube.com/watch?v=XmRrGzR6udg,https://leetcode.com/problems/add-two-numbers/,https://www.geeksforgeeks.org/problems/add-two-numbers-represented-by-linked-lists/1,https://www.codingninjas.com/studio/problems/add-two-numbers_1170520,https://takeuforward.org/plus/dsa/problems/add-two-numbers-in-ll,,,,,,takeuforward roadmap
150,6,"Step 6: Learn LinkedList [Single LL, Double LL, Medium, Hard Problems]",4,4. Medium Problems of DLL,Delete all occurrences of a key in DLL,Medium,"Linked List, Data Structures",Not Started,,,,,https://www.youtube.com/watch?v=Mh0NH_SD92k,,https://www.geeksforgeeks.org/problems/delete-all-occurrences-of-a-given-key-in-a-doubly-linked-list/1,https://www.codingninjas.com/studio/problems/delete-all-occurrences-of-a-given-key-in-a-doubly-linked-list_8160461,https://takeuforward.org/plus/dsa/problems/delete-all-occurrences-of-a-key-in-dll,,,,,514,takeuforward roadmap
151,6,"Step 6: Learn LinkedList [Single LL, Double LL, Medium, Hard Problems]",4,4. Medium Problems of DLL,Find pairs with given sum in DLL,Medium,"Linked List, Data Structures",Not Started,,,,,https://www.youtube.com/watch?v=YitR4dQsddE,,https://www.geeksforgeeks.org/problems/find-pairs-with-given-sum-in-doubly-linked-list/1,https://www.codingninjas.com/studio/problems/find-pairs-with-given-sum-in-doubly-linked-list_1164172,,,,,,516,takeuforward roadmap
152,6,"Step 6: Learn LinkedList [Single LL, Double LL, Medium, Hard Problems]",4,4. Medium Problems of DLL,Remove duplicates from sorted DLL,Medium,"Linked List, Data Structures",Not Started,,,,,https://www.youtube.com/watch?v=YJKVTnOJXSY,,https://www.geeksforgeeks.org/problems/remove-duplicates-from-a-sorted-doubly-linked-list/1,https://www.codingninjas.com/studio/problems/remove-duplicates-from-a-sorted-doubly-linked-list_2420283,https://takeuforward.org/plus/dsa/problems/remove-duplicated-from-sorted-dll,,,,,519,takeuforward roadmap
153,6,"Step 6: Learn LinkedList [Single LL, Double LL, Medium, Hard Problems]",5,5. Hard Problems of LL,Reverse LL in group of given size K,Hard,"Linked List, Data Structures",Not Started,,,,https://takeuforward.org/data-structure/reverse-linked-list-in-groups-of-size-k/,https://www.youtube.com/watch?v=lIar1skcQYI,https://leetcode.com/problems/reverse-nodes-in-k-group/,https://www.geeksforgeeks.org/problems/find-pairs-with-given-sum-in-doubly-linked-list/1,https://www.codingninjas.com/studio/problems/reverse-list-in-k-groups_983644,https://takeuforward.org/plus/dsa/problems/reverse-ll-in-group-of-given-size-k,,,,,521,takeuforward roadmap
154,6,"Step 6: Learn LinkedList [Single LL, Double LL, Medium, Hard Problems]",5,5. Hard Problems of LL,Rotate a LL,Medium,"Linked List, Data Structures",Not Started,,,,https://takeuforward.org/data-structure/rotate-a-linked-list/,https://www.youtube.com/watch?v=uT7YI7XbTY8,https://leetcode.com/problems/rotate-list/description/,https://www.geeksforgeeks.org/problems/rotate-a-linked-list/1,https://www.codingninjas.com/studio/problems/rotate-linked-list_920454,https://takeuforward.org/plus/dsa/problems/rotate-a-ll,,,,,,takeuforward roadmap
155,6,"Step 6: Learn LinkedList [Single LL, Double LL, Medium, Hard Problems]",5,5. Hard Problems of LL,Flattening of LL,Hard,"Linked List, Data Structures",Not Started,,,,https://takeuforward.org/data-structure/flattening-a-linked-list/,https://www.youtube.com/watch?v=ykelywHJWLg,,https://www.geeksforgeeks.org/problems/flattening-a-linked-list/1,https://www.codingninjas.com/studio/problems/flatten-a-linked-list_1112655,https://takeuforward.org/plus/dsa/problems/flattening-of-ll,,,,,528,takeuforward roadmap
156,6,"Step 6: Learn LinkedList [Single LL, Double LL, Medium, Hard Problems]",5,5. Hard Problems of LL,Clone a Linked List with random and next pointer,Hard,"Linked List, Data Structures",Not Started,,,,https://takeuforward.org/data-structure/clone-linked-list-with-random-and-next-pointer/,https://www.youtube.com/watch?v=q570bKdrnlw,https://leetcode.com/problems/copy-list-with-random-pointer/,https://www.geeksforgeeks.org/problems/clone-a-linked-list-with-next-and-random-pointer/1,https://www.codingninjas.com/studio/problems/clone-a-linked-list-with-random-pointers_983604,https://takeuforward.org/plus/dsa/problems/clone-a-ll-with-random-and-next-pointer,,,,,533,takeuforward roadmap
157,7,Step 7: Recursion [PatternWise],1,1. Get a Strong Hold,Recursive Implementation of atoi(),Hard,"String, Recursion, Data Structures",Not Started,,,,,,https://leetcode.com/problems/string-to-integer-atoi/,https://www.geeksforgeeks.org/problems/implement-atoi/1,https://www.codingninjas.com/studio/problems/implement-atoi-function_981270,,,,,,540,takeuforward roadmap
158,7,Step 7: Recursion [PatternWise],1,1. Get a Strong Hold,"Pow(x, n)",Medium,"Maths, Recursion",Not Started,,,,https://takeuforward.org/data-structure/implement-powxn-x-raised-to-the-power-n/,https://www.youtube.com/watch?v=l0YC3876qxg,https://leetcode.com/problems/powx-n/,https://www.geeksforgeeks.org/problems/power-of-numbers-1587115620/1,https://www.codingninjas.com/studio/problems/find-x-raised-to-power-n-_626560,"https://takeuforward.org/plus/dsa/problems/pow(x,n)",,,,,,takeuforward roadmap
159,7,Step 7: Recursion [PatternWise],1,1. Get a Strong Hold,Count Good numbers,Easy,"Maths, Data Structures",Not Started,,,,,,https://leetcode.com/problems/count-good-numbers/,https://www.geeksforgeeks.org/problems/good-numbers4629/1,https://www.codingninjas.com/studio/problems/good-numbers_625508,,,,,,546,takeuforward roadmap
160,7,Step 7: Recursion [PatternWise],1,1. Get a Strong Hold,Sort a stack using recursion,Medium,"Stack, Sorting, Data Structures",Not Started,,,,,,,https://www.geeksforgeeks.org/problems/sort-a-stack/1,https://www.codingninjas.com/codestudio/problems/sort-stack_1229505,,,,,,552,takeuforward roadmap
161,7,Step 7: Recursion [PatternWise],1,1. Get a Strong Hold,Reverse a stack using recursion,Easy,"Stack, Recursion, Data Structures",Not Started,,,,,,,https://www.geeksforgeeks.org/problems/reverse-a-stack/1,https://www.codingninjas.com/studio/problems/reverse-stack-using-recursion_631875,,,,,,552,takeuforward roadmap
162,7,Step 7: Recursion [PatternWise],2,2. Subsequences Pattern,Generate all binary strings,Medium,"String, Data Structures",Not Started,,,,,,,https://www.geeksforgeeks.org/dsa/generate-binary-strings-without-consecutive-1s/,https://www.codingninjas.com/studio/problems/-binary-strings-with-no-consecutive-1s._893001,,,,,,554,takeuforward roadmap
163,7,Step 7: Recursion [PatternWise],2,2. Subsequences Pattern,Generate Paranthesis,Medium,"String, Data Structures, Dynamic Programming",Not Started,,,,,,https://leetcode.com/problems/generate-parentheses/,https://www.geeksforgeeks.org/problems/generate-all-possible-parentheses/1,https://www.codingninjas.com/studio/problems/generate-all-parenthesis_920445,https://takeuforward.org/plus/dsa/problems/generate-paranthesis,,,,,557,takeuforward roadmap
164,7,Step 7: Recursion [PatternWise],2,2. Subsequences Pattern,Print all subsequences/Power Set,Medium,"Recursion, Data Structures",Not Started,,,,https://takeuforward.org/data-structure/power-set-print-all-the-possible-subsequences-of-the-string/,https://www.youtube.com/watch?v=b7AYbpM5YrE,https://leetcode.com/problems/subsets/,https://www.geeksforgeeks.org/problems/power-set4302/1,https://www.codingninjas.com/studio/problems/print-subsequences_8416366,https://takeuforward.org/plus/dsa/problems/power-set,,,,,561,takeuforward roadmap
165,7,Step 7: Recursion [PatternWise],2,2. Subsequences Pattern,Learn All Patterns of Subsequences (Theory),Medium,"String, Data Structures",Not Started,,,,,https://www.youtube.com/watch?v=eQCS_v3bw0Q,,https://www.geeksforgeeks.org/problems/better-string/1,https://www.codingninjas.com/codestudio/problems/more-subsequence_8842355,,,,https://leetcode.com/problems/distinct-subsequences-ii,codolio,567,takeuforward roadmap
166,7,Step 7: Recursion [PatternWise],2,2. Subsequences Pattern,Count all subsequences with sum K,Hard,"Arrays, Hashing, Data Structures",Not Started,,,,,,,https://www.geeksforgeeks.org/problems/perfect-sum-problem5633/1,https://www.codingninjas.com/studio/problems/subarrays-with-sum-%E2%80%98k'_6922076,https://takeuforward.org/plus/dsa/problems/count-all-subsequences-with-sum-k,,,,,569,takeuforward roadmap
167,7,Step 7: Recursion [PatternWise],2,2. Subsequences Pattern,Check if there exists a subsequence with sum K,Medium,"Arrays, Data Structures",Not Started,,,,,,,,https://www.codingninjas.com/studio/problems/subset-sum_630213,https://takeuforward.org/plus/dsa/problems/check-if-there-exists-a-subsequence-with-sum-k,,,,,574,takeuforward roadmap
168,7,Step 7: Recursion [PatternWise],2,2. Subsequences Pattern,Combination Sum,Medium,"Recursion, Data Structures, Arrays",Not Started,,,,https://takeuforward.org/data-structure/combination-sum-1/,https://www.youtube.com/watch?v=OyZFFqQtu98,https://leetcode.com/problems/combination-sum/,https://www.geeksforgeeks.org/problems/combination-sum-1587115620/1,https://www.codingninjas.com/studio/problems/combination-sum_981296,https://takeuforward.org/plus/dsa/problems/combination-sum,,,,,578,takeuforward roadmap
169,7,Step 7: Recursion [PatternWise],2,2. Subsequences Pattern,Combination Sum-II,Medium,"Recursion, Data Structures, Arrays",Not Started,,,,https://takeuforward.org/data-structure/combination-sum-ii-find-all-unique-combinations/,https://www.youtube.com/watch?v=G1fRTGRxXU8,https://leetcode.com/problems/combination-sum-ii/,https://www.geeksforgeeks.org/problems/combination-sum-ii/1,https://www.codingninjas.com/studio/problems/combination-sum-ii_1112622,https://takeuforward.org/plus/dsa/problems/combination-sum-ii,,,,,578,takeuforward roadmap
170,7,Step 7: Recursion [PatternWise],2,2. Subsequences Pattern,Subset Sum-I,Medium,"Arrays, Recursion, Data Structures",Not Started,,,,https://takeuforward.org/data-structure/subset-sum-sum-of-all-subsets/,https://www.youtube.com/watch?v=rYkfBRtMJr8,,https://www.geeksforgeeks.org/problems/subset-sums2234/1,https://www.codingninjas.com/studio/problems/subset-sum_3843086,https://takeuforward.org/plus/dsa/problems/subsets-i,,,,,588,takeuforward roadmap
171,7,Step 7: Recursion [PatternWise],2,2. Subsequences Pattern,Subset Sum-II,Medium,"Arrays, Recursion, Data Structures",Not Started,,,,https://takeuforward.org/data-structure/subset-ii-print-all-the-unique-subsets/,https://www.youtube.com/watch?v=RIn3gOkbhQE,https://leetcode.com/problems/subsets-ii/,https://www.geeksforgeeks.org/problems/subset-sum-ii/1,https://www.codingninjas.com/studio/problems/get-all-unique-subsets_624393,https://takeuforward.org/plus/dsa/problems/subsets-ii,,,,,588,takeuforward roadmap
172,7,Step 7: Recursion [PatternWise],2,2. Subsequences Pattern,Combination Sum - III,Hard,"Recursion, Data Structures, Arrays",Not Started,,,,,,https://leetcode.com/problems/combination-sum-iii/,https://www.geeksforgeeks.org/problems/combination-sum-iii/1,https://www.codingninjas.com/studio/problems/combination-sum-iii_5038357,https://takeuforward.org/plus/dsa/problems/combination-sum-iii,,,,,599,takeuforward roadmap
173,7,Step 7: Recursion [PatternWise],2,2. Subsequences Pattern,Letter Combinations of a Phone number,Medium,"Hashing, String, Data Structures",Not Started,,,,,,https://leetcode.com/problems/letter-combinations-of-a-phone-number/,https://www.geeksforgeeks.org/problems/possible-words-from-phone-digits-1587115620/1,https://www.codingninjas.com/studio/problems/letter-phone_626178,https://takeuforward.org/plus/dsa/problems/letter-combinations-of-a-phone-number,,,,,603,takeuforward roadmap
174,7,Step 7: Recursion [PatternWise],3,3. Trying out all Combos / Hard,Palindrome Partitioning,Medium,"String, Data Structures, Dynamic Programming",Not Started,,,,https://takeuforward.org/data-structure/palindrome-partitioning/,https://www.youtube.com/watch?v=WBgsABoClE0,https://leetcode.com/problems/palindrome-partitioning/,https://www.geeksforgeeks.org/problems/palindromic-patitioning4845/1,https://www.codingninjas.com/studio/problems/palindrome-partitioning_626181,https://takeuforward.org/plus/dsa/problems/palindrome-partitioning,,,,,608,takeuforward roadmap
175,7,Step 7: Recursion [PatternWise],3,3. Trying out all Combos / Hard,Word Search,Medium,"Arrays, Data Structures, String",Not Started,,,,https://takeuforward.org/data-structure/word-search-leetcode/,,https://leetcode.com/problems/word-search/,https://www.geeksforgeeks.org/problems/word-search/1,https://www.codingninjas.com/studio/problems/word-search---l_892986,https://takeuforward.org/plus/dsa/problems/word-search,,,,,612,takeuforward roadmap
176,7,Step 7: Recursion [PatternWise],3,3. Trying out all Combos / Hard,N Queen,Hard,"Arrays, Recursion",Not Started,,,,https://takeuforward.org/data-structure/n-queen-problem-return-all-distinct-solutions-to-the-n-queens-puzzle/,https://www.youtube.com/watch?v=i05Ju7AftcM,https://leetcode.com/problems/n-queens/,https://www.geeksforgeeks.org/problems/n-queen-problem0315/1,https://www.codingninjas.com/studio/problems/n-queens_696453,https://takeuforward.org/plus/dsa/problems/n-queen,,,,,616,takeuforward roadmap
177,7,Step 7: Recursion [PatternWise],3,3. Trying out all Combos / Hard,Rat in a Maze,Hard,"Recursion, Data Structures",Not Started,,,,https://takeuforward.org/data-structure/rat-in-a-maze/,https://www.youtube.com/watch?v=bLGZhJlt4y0,,https://www.geeksforgeeks.org/problems/rat-in-a-maze-problem/1,https://www.codingninjas.com/studio/problems/rat-in-a-maze-_8842357,https://takeuforward.org/plus/dsa/problems/rat-in-a-maze,https://practice.geeksforgeeks.org/problems/rat-in-a-maze-problem/1,GeeksForGeeks,,,627,takeuforward roadmap
178,7,Step 7: Recursion [PatternWise],3,3. Trying out all Combos / Hard,M Coloring Problem,Hard,"Graph, Data Structures",Not Started,,,,https://takeuforward.org/data-structure/m-coloring-problem/,https://www.youtube.com/watch?v=wuVwUK25Rfc,,https://www.geeksforgeeks.org/problems/m-coloring-problem-1587115620/1,https://www.codingninjas.com/studio/problems/m-coloring-problem_981273,https://takeuforward.org/plus/dsa/problems/m-coloring-problem,https://practice.geeksforgeeks.org/problems/m-coloring-problem-1587115620/1,GeeksForGeeks,,,640,takeuforward roadmap
179,7,Step 7: Recursion [PatternWise],3,3. Trying out all Combos / Hard,Sudoko Solver,Hard,"Arrays, Hashing, Data Structures",Not Started,,,,https://takeuforward.org/data-structure/sudoku-solver/,https://www.youtube.com/watch?v=FWAIf_EVUKE,https://leetcode.com/problems/sudoku-solver/,https://www.geeksforgeeks.org/problems/solve-the-sudoku-1587115621/1,https://www.codingninjas.com/studio/problems/sudoku-solver_8416969,https://takeuforward.org/plus/dsa/problems/sudoko-solver,,,,,646,takeuforward roadmap
180,7,Step 7: Recursion [PatternWise],3,3. Trying out all Combos / Hard,Expression Add Operators,Hard,"Maths, String, Data Structures",Not Started,,,,,,https://leetcode.com/problems/expression-add-operators/,https://www.geeksforgeeks.org/problems/expression-add-operators/1,https://www.codingninjas.com/studio/problems/find-x-raised-to-power-n-_626560,,,,,,652,takeuforward roadmap
181,7,Step 7: Recursion [PatternWise],3,Trying out all combos / Hard,Word Break,Medium,Recursion,Not Started,,,,,,https://leetcode.com/problems/word-break,,,,,,,,634,added from a2zdsa.pages.dev + codolio (absent from roadmap)
182,8,Step 8: Bit Manipulation [Concepts & Problems],1,1. Learn Bit Manipulation,Introduction to Bit Manipulation [Theory],Easy,"Bit Manipulation, Data Structures",Not Started,,,,,https://www.youtube.com/watch?v=qQd-ViW7bfk,,https://www.geeksforgeeks.org/problems/bit-manipulation-1666686020/1,https://www.codingninjas.com/studio/problems/bit-manipulation_8142533,https://takeuforward.org/plus/dsa/problems/introduction-to-bits-and-tricks,,,,,659,takeuforward roadmap
183,8,Step 8: Bit Manipulation [Concepts & Problems],1,1. Learn Bit Manipulation,Check if the i-th bit is set or not,Easy,Bit Manipulation,Not Started,,,,,https://www.youtube.com/watch?v=nttpF8kwgd4,,https://practice.geeksforgeeks.org/problems/check-whether-k-th-bit-is-set-or-not-1587115620/1,https://www.codingninjas.com/studio/problems/check-whether-k-th-bit-is-set-or-not_5026446,,,,,,662,takeuforward roadmap
184,8,Step 8: Bit Manipulation [Concepts & Problems],1,1. Learn Bit Manipulation,Check if a number is odd or not,Easy,Maths,Not Started,,,,,https://www.youtube.com/watch?v=nttpF8kwgd4,,https://practice.geeksforgeeks.org/problems/odd-or-even3618/1,https://www.codingninjas.com/codestudio/problems/odd-even_7993579,,,,,,665,takeuforward roadmap
185,8,Step 8: Bit Manipulation [Concepts & Problems],1,1. Learn Bit Manipulation,Check if a number is power of 2 or not,Easy,Maths,Not Started,,,,,https://www.youtube.com/watch?v=nttpF8kwgd4,https://leetcode.com/problems/power-of-two/,https://practice.geeksforgeeks.org/problems/power-of-2-1587115620/1,https://www.codingninjas.com/studio/problems/power-of-two_893061,,,,,,666,takeuforward roadmap
186,8,Step 8: Bit Manipulation [Concepts & Problems],1,1. Learn Bit Manipulation,Count the number of set bits,Easy,"Bit Manipulation, Data Structures",Not Started,,,,,https://www.youtube.com/watch?v=nttpF8kwgd4,,https://practice.geeksforgeeks.org/problems/count-total-set-bits-1587115620/1,https://www.codingninjas.com/studio/problems/count-total-set-bits_784,,,,,,667,takeuforward roadmap
187,8,Step 8: Bit Manipulation [Concepts & Problems],1,1. Learn Bit Manipulation,Set/Unset the rightmost unset bit,Easy,"Bit Manipulation, Data Structures",Not Started,,,,,https://www.youtube.com/watch?v=nttpF8kwgd4,,https://practice.geeksforgeeks.org/problems/set-the-rightmost-unset-bit4436/1,https://www.codingninjas.com/studio/problems/set-the-rightmost-unset-bit_8160456,,,,,,,takeuforward roadmap
188,8,Step 8: Bit Manipulation [Concepts & Problems],1,1. Learn Bit Manipulation,Swap two numbers,Easy,"Maths, Data Structures",Not Started,,,,,https://www.youtube.com/watch?v=nttpF8kwgd4,,https://practice.geeksforgeeks.org/problems/swap-two-numbers3844/1,https://www.codingninjas.com/studio/problems/swap-two-numbers_1380853,,,,,,671,takeuforward roadmap
189,8,Step 8: Bit Manipulation [Concepts & Problems],1,1. Learn Bit Manipulation,"Divide two integers without using multiplication, division and mod operator",Medium,"Maths, Data Structures",Not Started,,,,,https://www.youtube.com/watch?v=pBD4B1tzgVc,https://leetcode.com/problems/divide-two-integers/,https://practice.geeksforgeeks.org/problems/division-without-using-multiplication-division-and-mod-operator/0,https://www.codingninjas.com/studio/problems/-divide-two-integers_1112617,https://takeuforward.org/plus/dsa/problems/divide-two-numbers-without-multiplication-and-division,,,,,672,takeuforward roadmap
190,8,Step 8: Bit Manipulation [Concepts & Problems],2,2. Interview Problems,Count number of bits to be flipped to convert A to B,Medium,Bit Manipulation,Not Started,,,,,https://www.youtube.com/watch?v=OOdrmcfZXd8,https://leetcode.com/problems/minimum-bit-flips-to-convert-number/,https://practice.geeksforgeeks.org/problems/bit-difference-1587115620/1,https://www.codingninjas.com/studio/problems/flip-bits_8160405,https://takeuforward.org/plus/dsa/problems/minimum-bit-flips-to-convert-number,,,,,676,takeuforward roadmap
191,8,Step 8: Bit Manipulation [Concepts & Problems],2,2. Interview Problems,Find the number that appears odd number of times,Easy,"Arrays, Hashing, Data Structures",Not Started,,,,,https://www.youtube.com/watch?v=sFBCAl8yBfE,https://leetcode.com/problems/single-number/,https://practice.geeksforgeeks.org/problems/find-the-odd-occurence4820/1,https://www.codingninjas.com/studio/problems/one-odd-occurring_4606074,https://takeuforward.org/plus/dsa/problems/single-number---i,,,,,677,takeuforward roadmap
192,8,Step 8: Bit Manipulation [Concepts & Problems],2,2. Interview Problems,Power Set,Medium,"Recursion, Data Structures",Not Started,,,,,https://www.youtube.com/watch?v=LqKaUv1G3_I,https://leetcode.com/problems/subsets/,https://practice.geeksforgeeks.org/problems/power-set4302/1,https://www.codingninjas.com/studio/problems/subsequences-of-string_985087,https://takeuforward.org/plus/dsa/problems/power-set-dup,,,,,680,takeuforward roadmap
193,8,Step 8: Bit Manipulation [Concepts & Problems],2,2. Interview Problems,Find xor of numbers from L to R,Easy,"Maths, Data Structures",Not Started,,,,,https://www.youtube.com/watch?v=WqGb7159h7Q,,https://www.geeksforgeeks.org/problems/find-xor-of-numbers-from-l-to-r/1,https://www.codingninjas.com/studio/problems/l-to-r-xor_8160412,https://takeuforward.org/plus/dsa/problems/xor-of-numbers-in-a-given-range,,,,,682,takeuforward roadmap
194,8,Step 8: Bit Manipulation [Concepts & Problems],2,2. Interview Problems,Find the two numbers appearing odd number of times,Easy,"Arrays, Hashing, Data Structures",Not Started,,,,,https://www.youtube.com/watch?v=UA5JnV1J2sI,,https://practice.geeksforgeeks.org/problems/two-numbers-with-odd-occurrences5846/1,https://www.codingninjas.com/studio/problems/two-numbers-with-odd-occurrences_8160466,https://takeuforward.org/plus/dsa/problems/single-number---iii,,,,,684,takeuforward roadmap
195,8,Step 8: Bit Manipulation [Concepts & Problems],3,3. Advanced Maths,Print Prime Factors of a Number,Easy,"Maths, Data Structures",Not Started,,,,,https://www.youtube.com/watch?v=LT7XhVdeRyg,,https://www.geeksforgeeks.org/problems/prime-factors5052/1,https://www.codingninjas.com/studio/problems/prime-factorisation_1760849,,,,,,687,takeuforward roadmap
196,8,Step 8: Bit Manipulation [Concepts & Problems],3,3. Advanced Maths,All Divisors of a Number,Easy,"Maths, Data Structures",Not Started,,,,,https://www.youtube.com/watch?v=Ae_Ag_saG9s,,https://practice.geeksforgeeks.org/problems/all-divisors-of-a-number/1,https://www.codingninjas.com/studio/problems/print-all-divisors-of-a-number_1164188,https://takeuforward.org/plus/dsa/problems/divisors-of-a-number,,,,,689,takeuforward roadmap
197,8,Step 8: Bit Manipulation [Concepts & Problems],3,3. Advanced Maths,Sieve of Eratosthenes,Medium,"Maths, Data Structures",Not Started,,,,,https://www.youtube.com/watch?v=g5Fuxn_AvSk,https://leetcode.com/problems/count-primes/,https://www.geeksforgeeks.org/problems/sieve-of-eratosthenes5242/1,https://www.codingninjas.com/studio/problems/prime-factorisation_1760849,https://takeuforward.org/plus/dsa/problems/count-primes-in-range-l-to-r,,,,,692,takeuforward roadmap
198,8,Step 8: Bit Manipulation [Concepts & Problems],3,3. Advanced Maths,Find Prime Factorisation of a Number using Sieve,Medium,"Maths, Data Structures",Not Started,,,,,https://www.youtube.com/watch?v=glKWkmKFlMw,,https://www.geeksforgeeks.org/problems/prime-factorization-using-sieve/1,https://www.codingninjas.com/studio/problems/prime-factorisation_1760849,https://takeuforward.org/plus/dsa/problems/prime-factorisation-of-a-number,,,,,695,takeuforward roadmap
199,8,Step 8: Bit Manipulation [Concepts & Problems],3,3. Advanced Maths,"Power(n, x)",Medium,"Maths, Recursion, Data Structures",Not Started,,,,,https://www.youtube.com/watch?v=hFWckDXE-K8,https://leetcode.com/problems/powx-n/,https://practice.geeksforgeeks.org/problems/power-of-numbers-1587115620/1,https://www.codingninjas.com/studio/problems/power-of-numbers_8157729,"https://takeuforward.org/plus/dsa/problems/pow(x,n)",,,,,699,takeuforward roadmap
200,9,"Step 9: Stack and Queues [Learning, Pre-In-Post-fix, Monotonic Stack, Implementation]",1,1. Learning,Implement Stack using Arrays,Easy,"Stack, Arrays, Data Structures",Not Started,,,,https://takeuforward.org/data-structure/implement-stack-using-array/,https://www.youtube.com/watch?v=tqQ5fTamIN4,,https://www.geeksforgeeks.org/problems/implement-stack-using-array/1,https://www.codingninjas.com/studio/problems/stack-implementation-using-array_3210209,https://takeuforward.org/plus/dsa/problems/implement-stack-using-arrays,,,,,703,takeuforward roadmap
201,9,"Step 9: Stack and Queues [Learning, Pre-In-Post-fix, Monotonic Stack, Implementation]",1,1. Learning,Implement Queue using Arrays,Easy,"Arrays, Queue, Data Structures",Not Started,,,,https://takeuforward.org/data-structure/implement-queue-using-array/,https://www.youtube.com/watch?v=tqQ5fTamIN4,,https://www.geeksforgeeks.org/problems/implement-queue-using-array/1,https://www.codingninjas.com/codestudio/problems/implement-queue-using-arrays_8390825,https://takeuforward.org/plus/dsa/problems/implement-queue-using-arrays,,,,,706,takeuforward roadmap
202,9,"Step 9: Stack and Queues [Learning, Pre-In-Post-fix, Monotonic Stack, Implementation]",1,1. Learning,Implement Stack using Queue,Medium,"Stack, Queue, Data Structures",Not Started,,,,https://takeuforward.org/data-structure/implement-stack-using-single-queue/,https://www.youtube.com/watch?v=tqQ5fTamIN4,https://leetcode.com/problems/implement-stack-using-queues/,https://www.geeksforgeeks.org/problems/stack-using-two-queues/1,https://www.codingninjas.com/studio/problems/stack-using-queue_795152,https://takeuforward.org/plus/dsa/problems/implement-stack-using-queue,,,,,709,takeuforward roadmap
203,9,"Step 9: Stack and Queues [Learning, Pre-In-Post-fix, Monotonic Stack, Implementation]",1,1. Learning,Implement Queue using Stack,Medium,"Queue, Data Structures, Stack",Not Started,,,,https://takeuforward.org/data-structure/implement-queue-using-stack/,https://www.youtube.com/watch?v=tqQ5fTamIN4,https://leetcode.com/problems/implement-queue-using-stacks/,https://www.geeksforgeeks.org/problems/queue-using-stack/1,https://www.codingninjas.com/studio/problems/day-25-:-queue-using-stack_799482,https://takeuforward.org/plus/dsa/problems/implement-queue-using-stack,,,,,712,takeuforward roadmap
204,9,"Step 9: Stack and Queues [Learning, Pre-In-Post-fix, Monotonic Stack, Implementation]",1,1. Learning,Implement stack using Linkedlist,Easy,Stack,Not Started,,,,https://takeuforward.org/data-structure/implement-stack-using-linked-list/,https://www.youtube.com/watch?v=tqQ5fTamIN4,,https://www.geeksforgeeks.org/problems/implement-stack-using-linked-list/1,https://www.codingninjas.com/studio/problems/implement-stack-with-linked-list_1279905,https://takeuforward.org/plus/dsa/problems/implement-stack-using-linkedlist,,,,,718,takeuforward roadmap
205,9,"Step 9: Stack and Queues [Learning, Pre-In-Post-fix, Monotonic Stack, Implementation]",1,1. Learning,Implement queue using Linkedlist,Medium,"Queue, Linked List, Data Structures",Not Started,,,,https://takeuforward.org/data-structure/implement-queue-using-linked-list/,https://www.youtube.com/watch?v=tqQ5fTamIN4,,https://www.geeksforgeeks.org/problems/implement-queue-using-linked-list/1,https://www.codingninjas.com/codestudio/problems/implement-queue-using-linked-list_8161235,https://takeuforward.org/plus/dsa/problems/implement-queue-using-linkedlist,,,,,721,takeuforward roadmap
206,9,"Step 9: Stack and Queues [Learning, Pre-In-Post-fix, Monotonic Stack, Implementation]",1,1. Learning,Check for balanced paranthesis,Medium,"Stack, Data Structures",Not Started,,,,https://takeuforward.org/data-structure/check-for-balanced-parentheses/,https://www.youtube.com/watch?v=xwjS0iZhw4I,https://leetcode.com/problems/valid-parentheses/,https://www.geeksforgeeks.org/problems/parenthesis-checker2744/1,https://www.codingninjas.com/studio/problems/valid-parentheses_795104,https://takeuforward.org/plus/dsa/problems/balanced-paranthesis,,,,,724,takeuforward roadmap
207,9,"Step 9: Stack and Queues [Learning, Pre-In-Post-fix, Monotonic Stack, Implementation]",1,1. Learning,Implement Min Stack,Medium,"Stack, Data Structures",Not Started,,,,https://takeuforward.org/data-structure/implement-min-stack-o2n-and-on-space-complexity/,https://www.youtube.com/watch?v=NdDIaH91P0g,https://leetcode.com/problems/min-stack/,https://www.geeksforgeeks.org/problems/get-minimum-element-from-stack/1,https://www.codingninjas.com/studio/problems/min-stack_3843991,https://takeuforward.org/plus/dsa/problems/implement-min-stack,,,,,726,takeuforward roadmap
208,9,"Step 9: Stack and Queues [Learning, Pre-In-Post-fix, Monotonic Stack, Implementation]",2,"2. Prefix, Infix, PostFix Conversion Problems",Infix to Postfix Conversion using Stack,Medium,"Stack, Data Structures",Not Started,,,,https://takeuforward.org/data-structure/infix-to-postfix/,https://www.youtube.com/watch?v=4pIc9UBHJtk,,https://www.geeksforgeeks.org/problems/infix-to-postfix-1587115620/1,https://www.codingninjas.com/studio/problems/day-23-:-infix-to-postfix-_1382146,,,,,,747,takeuforward roadmap
209,9,"Step 9: Stack and Queues [Learning, Pre-In-Post-fix, Monotonic Stack, Implementation]",2,"2. Prefix, Infix, PostFix Conversion Problems",Prefix to Infix Conversion,Medium,"Stack, Data Structures",Not Started,,,,,https://www.youtube.com/watch?v=4pIc9UBHJtk,,https://www.geeksforgeeks.org/problems/prefix-to-infix-conversion/1,https://www.codingninjas.com/studio/problems/prefix-to-infix_1215000,,,,,,744,takeuforward roadmap
210,9,"Step 9: Stack and Queues [Learning, Pre-In-Post-fix, Monotonic Stack, Implementation]",2,"2. Prefix, Infix, PostFix Conversion Problems",Prefix to Postfix Conversion,Medium,"Stack, Data Structures",Not Started,,,,,https://www.youtube.com/watch?v=4pIc9UBHJtk,,https://www.geeksforgeeks.org/problems/prefix-to-postfix-conversion/1,https://www.codingninjas.com/codestudio/problems/convert-prefix-to-postfix_8391014,,,,,,747,takeuforward roadmap
211,9,"Step 9: Stack and Queues [Learning, Pre-In-Post-fix, Monotonic Stack, Implementation]",2,"2. Prefix, Infix, PostFix Conversion Problems",Postfix to Prefix Conversion,Medium,"Stack, Data Structures",Not Started,,,,,https://www.youtube.com/watch?v=4pIc9UBHJtk,,https://www.geeksforgeeks.org/problems/postfix-to-prefix-conversion/1,https://www.codingninjas.com/studio/problems/postfix-to-prefix_1788455,,,,,,751,takeuforward roadmap
212,9,"Step 9: Stack and Queues [Learning, Pre-In-Post-fix, Monotonic Stack, Implementation]",2,"2. Prefix, Infix, PostFix Conversion Problems",Postfix to Infix,Medium,"Stack, Data Structures",Not Started,,,,,https://www.youtube.com/watch?v=4pIc9UBHJtk,,https://www.geeksforgeeks.org/problems/postfix-to-infix-conversion/1,https://www.codingninjas.com/codestudio/problems/postfix-to-infix_8382386,,,,,,754,takeuforward roadmap
213,9,"Step 9: Stack and Queues [Learning, Pre-In-Post-fix, Monotonic Stack, Implementation]",2,"2. Prefix, Infix, PostFix Conversion Problems",Convert Infix To Prefix Notation,Medium,"Stack, Data Structures",Not Started,,,,https://takeuforward.org/data-structure/infix-to-prefix/,https://www.youtube.com/watch?v=4pIc9UBHJtk,,https://www.geeksforgeeks.org/problems/infix-to-postfix-1587115620/1,https://www.codingninjas.com/studio/problems/day-23-:-infix-to-postfix-_1382146,,,,,,,takeuforward roadmap
214,9,"Step 9: Stack and Queues [Learning, Pre-In-Post-fix, Monotonic Stack, Implementation]",3,3. Monotonic Stack/Queue Problems [VVV. Imp],Next Greater Element,Easy,"Arrays, Stack, Data Structures",Not Started,,,,https://takeuforward.org/data-structure/next-greater-element-using-stack/,https://www.youtube.com/watch?v=e7XQLtOQM3I,https://leetcode.com/problems/next-greater-element-i/,https://www.geeksforgeeks.org/problems/next-larger-element-1587115620/1,https://www.codingninjas.com/studio/problems/next-greater-element_670312,https://takeuforward.org/plus/dsa/problems/next-greater-element,,,,,803,takeuforward roadmap
215,9,"Step 9: Stack and Queues [Learning, Pre-In-Post-fix, Monotonic Stack, Implementation]",3,3. Monotonic Stack/Queue Problems [VVV. Imp],Next Greater Element 2,Medium,"Arrays, Stack, Data Structures",Not Started,,,,,https://www.youtube.com/watch?v=7PrncD7v9YQ,https://leetcode.com/problems/next-greater-element-ii/,https://www.geeksforgeeks.org/problems/next-larger-element-1587115620/1,https://www.codingninjas.com/studio/problems/next-greater-element-ii_6212757,https://takeuforward.org/plus/dsa/problems/next-greater-element---2,,,,,764,takeuforward roadmap
216,9,"Step 9: Stack and Queues [Learning, Pre-In-Post-fix, Monotonic Stack, Implementation]",3,3. Monotonic Stack/Queue Problems [VVV. Imp],Next Smaller Element,Easy,"Arrays, Stack, Data Structures",Not Started,,,,,,,https://www.geeksforgeeks.org/problems/immediate-smaller-element1142/1,https://www.codingninjas.com/studio/problems/immediate-smaller-element-_1062597,,https://www.interviewbit.com/problems/nearest-smaller-element/,InterviewBit,,,769,takeuforward roadmap
217,9,"Step 9: Stack and Queues [Learning, Pre-In-Post-fix, Monotonic Stack, Implementation]",3,3. Monotonic Stack/Queue Problems [VVV. Imp],Number of NGEs to the right,Easy,"Arrays, Hashing, Data Structures",Not Started,,,,,,,https://www.geeksforgeeks.org/problems/number-of-nges-to-the-right/1,https://www.codingninjas.com/studio/problems/count-of-greater-elements-to-the-right_8365436,,,,,,774,takeuforward roadmap
218,9,"Step 9: Stack and Queues [Learning, Pre-In-Post-fix, Monotonic Stack, Implementation]",3,3. Monotonic Stack/Queue Problems [VVV. Imp],Trapping Rainwater,Hard,"Arrays, Stack, Data Structures",Not Started,,,,https://takeuforward.org/data-structure/trapping-rainwater/,https://www.youtube.com/watch?v=1_5VuquLbXg,https://leetcode.com/problems/trapping-rain-water/,https://www.geeksforgeeks.org/problems/trapping-rain-water-1587115621/1,https://www.codingninjas.com/studio/problems/trapping-rain-water_630519,https://takeuforward.org/plus/dsa/problems/trapping-rainwater,,,,,784,takeuforward roadmap
219,9,"Step 9: Stack and Queues [Learning, Pre-In-Post-fix, Monotonic Stack, Implementation]",3,3. Monotonic Stack/Queue Problems [VVV. Imp],Sum of subarray minimum,Medium,"Arrays, Dynamic Programming, Data Structures",Not Started,,,,,https://www.youtube.com/watch?v=v0e8p9JCgRc,https://leetcode.com/problems/sum-of-subarray-minimums/,https://www.geeksforgeeks.org/problems/sum-of-subarray-minimum/1,https://www.codingninjas.com/codestudio/problems/sum-of-subarray-minimums_8365431,https://bugaddr.github.io/a2z_old_sheet/sum-of-subarray-minimums,,,,,789,takeuforward roadmap
220,9,"Step 9: Stack and Queues [Learning, Pre-In-Post-fix, Monotonic Stack, Implementation]",3,3. Monotonic Stack/Queue Problems [VVV. Imp],Asteroid Collision,Medium,"Arrays, Stack, Data Structures",Not Started,,,,,https://www.youtube.com/watch?v=_eYGqw_VDR4,https://leetcode.com/problems/asteroid-collision/,https://www.geeksforgeeks.org/problems/asteroid-collision/1,https://www.codingninjas.com/studio/problems/asteroid-collision_977232,https://takeuforward.org/plus/dsa/problems/asteroid-collision,,,,,796,takeuforward roadmap
221,9,"Step 9: Stack and Queues [Learning, Pre-In-Post-fix, Monotonic Stack, Implementation]",3,3. Monotonic Stack/Queue Problems [VVV. Imp],Sum of subarray ranges,Medium,"Arrays, Stack, Data Structures",Not Started,,,,,https://www.youtube.com/watch?v=gIrMptNPf5M,https://leetcode.com/problems/sum-of-subarray-ranges/,https://www.geeksforgeeks.org/problems/sum-of-subarray-ranges/1,https://www.codingninjas.com/studio/problems/subarray-range-sum_8365419,https://takeuforward.org/plus/dsa/problems/sum-of-subarray-ranges,,,,,800,takeuforward roadmap
222,9,"Step 9: Stack and Queues [Learning, Pre-In-Post-fix, Monotonic Stack, Implementation]",3,3. Monotonic Stack/Queue Problems [VVV. Imp],Remove k Digits,Medium,"String, Stack, Greedy",Not Started,,,,,https://www.youtube.com/watch?v=jmbuRzYPGrg,https://leetcode.com/problems/remove-k-digits/,https://www.geeksforgeeks.org/problems/remove-k-digits/1,https://www.codingninjas.com/studio/problems/remove-k-digits_1461221,https://takeuforward.org/plus/dsa/problems/remove-k-digits,,,,,807,takeuforward roadmap
223,9,"Step 9: Stack and Queues [Learning, Pre-In-Post-fix, Monotonic Stack, Implementation]",3,3. Monotonic Stack/Queue Problems [VVV. Imp],Largest rectangle in a histogram,Medium,"Arrays, Data Structures",Not Started,,,,https://takeuforward.org/data-structure/area-of-largest-rectangle-in-histogram/,https://www.youtube.com/watch?v=Bzat9vgD0fs,https://leetcode.com/problems/largest-rectangle-in-histogram/,https://www.geeksforgeeks.org/problems/maximum-rectangular-area-in-a-histogram-1587115620/1,https://www.codingninjas.com/studio/problems/largest-rectangle-in-a-histogram_1058184,https://takeuforward.org/plus/dsa/problems/largest-rectangle-in-a-histogram,,,,,811,takeuforward roadmap
224,9,"Step 9: Stack and Queues [Learning, Pre-In-Post-fix, Monotonic Stack, Implementation]",3,3. Monotonic Stack/Queue Problems [VVV. Imp],Maximal Rectangles,Hard,"Arrays, Dynamic Programming, Stack, Data Structures",Not Started,,,,,https://www.youtube.com/watch?v=ttVu6G7Ayik,https://leetcode.com/problems/maximal-rectangle/,https://www.geeksforgeeks.org/problems/max-rectangle/1,https://www.codingninjas.com/studio/problems/maximum-size-rectangle-sub-matrix-with-all-1's_893017,https://takeuforward.org/plus/dsa/problems/maximum-rectangles,,,,,818,takeuforward roadmap
225,9,"Step 9: Stack and Queues [Learning, Pre-In-Post-fix, Monotonic Stack, Implementation]",4,4. Implementation Problems,Sliding Window maximum,Hard,"Queue, Heap, Data Structures",Not Started,,,,https://takeuforward.org/data-structure/sliding-window-maximum/,https://www.youtube.com/watch?v=NwBvene4Imo,https://leetcode.com/problems/sliding-window-maximum/,https://www.geeksforgeeks.org/problems/maximum-of-all-subarrays-of-size-k3101/1,https://www.codingninjas.com/studio/problems/sliding-maximum-_701652,https://takeuforward.org/plus/dsa/problems/sliding-window-maximum,,,,,822,takeuforward roadmap
226,9,"Step 9: Stack and Queues [Learning, Pre-In-Post-fix, Monotonic Stack, Implementation]",4,4. Implementation Problems,Stock span problem,Medium,"Stack, Data Structures",Not Started,,,,,https://www.youtube.com/watch?v=eay-zoSRkVc,https://leetcode.com/problems/online-stock-span/,https://www.geeksforgeeks.org/problems/stock-span-problem-1587115621/1,https://www.codingninjas.com/studio/problems/stock-span_5243295,https://takeuforward.org/plus/dsa/problems/stock-span-problem,,,,,828,takeuforward roadmap
227,9,"Step 9: Stack and Queues [Learning, Pre-In-Post-fix, Monotonic Stack, Implementation]",4,4. Implementation Problems,The Celebrity Problem,Hard,"Stack, Queue, Two Pointer, Data Structures",Not Started,,,,,https://www.youtube.com/watch?v=cEadsbTeze4,https://leetcode.com/problems/find-the-celebrity,https://www.geeksforgeeks.org/problems/the-celebrity-problem/1,https://www.codingninjas.com/studio/problems/the-celebrity-problem_982769,https://takeuforward.org/plus/dsa/problems/celebrity-problem,,,,,833,takeuforward roadmap
228,9,"Step 9: Stack and Queues [Learning, Pre-In-Post-fix, Monotonic Stack, Implementation]",4,4. Implementation Problems,LRU cache (IMPORTANT),Hard,"Linked List, Data Structures",Not Started,,,,https://takeuforward.org/data-structure/implement-lru-cache/,https://www.youtube.com/watch?v=z9bJUPxzFOw,https://leetcode.com/problems/lru-cache/,https://www.geeksforgeeks.org/problems/lru-cache/1,https://www.codingninjas.com/studio/problems/lru-cache-implementation_670276,https://takeuforward.org/plus/dsa/problems/lru-cache,,,,,846,takeuforward roadmap
229,9,"Step 9: Stack and Queues [Learning, Pre-In-Post-fix, Monotonic Stack, Implementation]",4,4. Implementation Problems,LFU cache,Hard,"Linked List, Data Structures",Not Started,,,,,https://www.youtube.com/watch?v=0PSB9y8ehbk,https://leetcode.com/problems/lfu-cache/,https://www.geeksforgeeks.org/problems/lfu-cache-1665050355/1,https://www.codingninjas.com/codestudio/problems/lfu-cache_8381892,https://takeuforward.org/plus/dsa/problems/lfu-cache,,,,,846,takeuforward roadmap
230,10,Step 10: Sliding Window & Two Pointer Combined Problems,1,1. Medium Problems,Longest Substring Without Repeating Characters,Medium,"String, Data Structures",Not Started,,,,https://takeuforward.org/data-structure/length-of-longest-substring-without-any-repeating-character/,https://www.youtube.com/watch?v=-zSxTJkcdAo,https://leetcode.com/problems/longest-substring-without-repeating-characters/,https://www.geeksforgeeks.org/problems/length-of-the-longest-substring3036/1,https://www.codingninjas.com/studio/problems/longest-substring-without-repeating-characters_630418,https://takeuforward.org/plus/dsa/problems/longest-substring-without-repeating-characters,,,,,855,takeuforward roadmap
231,10,Step 10: Sliding Window & Two Pointer Combined Problems,1,1. Medium Problems,Max Consecutive Ones III,Medium,"Arrays, Binary Search, Data Structures",Not Started,,,,,https://www.youtube.com/watch?v=3E4JBHSLpYk,https://leetcode.com/problems/max-consecutive-ones-iii/,https://www.geeksforgeeks.org/problems/longest-consecutive-1s-1587115620/1,https://www.codingninjas.com/studio/problems/maximum-consecutive-ones_892994,https://takeuforward.org/plus/dsa/problems/max-consecutive-ones-iii,,,,,859,takeuforward roadmap
232,10,Step 10: Sliding Window & Two Pointer Combined Problems,1,1. Medium Problems,Fruit Into Baskets,Medium,"Arrays, Hashing, Data Structures",Not Started,,,,,https://www.youtube.com/watch?v=e3bs0uA1NhQ,,https://www.geeksforgeeks.org/problems/fruit-into-baskets-1663137462/1,https://www.codingninjas.com/studio/problems/fruits-and-baskets_985356,https://takeuforward.org/plus/dsa/problems/fruit-into-baskets,,,,,865,takeuforward roadmap
233,10,Step 10: Sliding Window & Two Pointer Combined Problems,1,1. Medium Problems,longest repeating character replacement,Medium,"String, Hashing",Not Started,,,,,https://www.youtube.com/watch?v=_eNhaDCr6P0,https://leetcode.com/problems/longest-repeating-character-replacement/,https://www.geeksforgeeks.org/problems/longest-repeating-character-replacement/1,https://www.codingninjas.com/studio/problems/longest-repeating-substring_980523,https://takeuforward.org/plus/dsa/problems/longest-repeating-character-replacement,,,,,871,takeuforward roadmap
234,10,Step 10: Sliding Window & Two Pointer Combined Problems,1,1. Medium Problems,Binary subarray with sum,Easy,"Arrays, Data Structures, Hashing",Not Started,,,,,https://www.youtube.com/watch?v=XnMdNUkX6VM,https://leetcode.com/problems/binary-subarrays-with-sum/,https://www.geeksforgeeks.org/problems/binary-subarray-with-sum/1,https://www.codingninjas.com/studio/problems/count-substrings-with-k-ones_3128698,https://takeuforward.org/plus/dsa/problems/binary-subarrays-with-sum,,,,,876,takeuforward roadmap
235,10,Step 10: Sliding Window & Two Pointer Combined Problems,1,1. Medium Problems,Count number of nice subarrays,Medium,"Arrays, Hashing, Maths",Not Started,,,,,https://www.youtube.com/watch?v=j_QOv9OT9Og,https://leetcode.com/problems/count-number-of-nice-subarrays/,https://www.geeksforgeeks.org/problems/count-subarray-with-k-odds/1,https://www.codingninjas.com/studio/problems/count-distinct-subarrays-with-at-most-k-odd-elements_1069335,https://takeuforward.org/plus/dsa/problems/count-number-of-nice-subarrays,,,,,882,takeuforward roadmap
236,10,Step 10: Sliding Window & Two Pointer Combined Problems,1,1. Medium Problems,Number of substring containing all three characters,Medium,"Hashing, String, Data Structures",Not Started,,,,,https://www.youtube.com/watch?v=xtqN4qlgr8s,https://leetcode.com/problems/number-of-substrings-containing-all-three-characters/,https://www.geeksforgeeks.org/problems/count-substring/1,https://www.codingninjas.com/studio/problems/count-substring-with-abc_8160465,https://takeuforward.org/plus/dsa/problems/number-of-substrings-containing-all-three-characters,,,,,890,takeuforward roadmap
237,10,Step 10: Sliding Window & Two Pointer Combined Problems,1,1. Medium Problems,Maximum point you can obtain from cards,Medium,"Arrays, Data Structures",Not Started,,,,,https://www.youtube.com/watch?v=pBWCOCS636U,https://leetcode.com/problems/maximum-points-you-can-obtain-from-cards/,https://www.geeksforgeeks.org/problems/maximum-point-you-can-obtain-from-cards/1,https://www.codingninjas.com/codestudio/problems/maximum-points-from-cards_8391016,https://takeuforward.org/plus/dsa/problems/maximum-points-you-can-obtain-from-cards-,,,,,896,takeuforward roadmap
238,10,Step 10: Sliding Window & Two Pointer Combined Problems,2,2. Hard Problems,Longest Substring with At Most K Distinct Characters,Medium,"String, Data Structures",Not Started,,,,,https://www.youtube.com/watch?v=teM9ZsVRQyc,https://leetcode.com/problems/longest-substring-with-at-most-k-distinct-characters/,https://www.geeksforgeeks.org/problems/longest-k-unique-characters-substring0853/1,https://www.codingninjas.com/studio/problems/longest-substring-with-at-most-k-distinct-characters_2221410,https://takeuforward.org/plus/dsa/problems/longest-substring-with-at-most-k-distinct-characters,,,,,903,takeuforward roadmap
239,10,Step 10: Sliding Window & Two Pointer Combined Problems,2,2. Hard Problems,Subarray with k different integers,Hard,"Arrays, Hashing, Data Structures",Not Started,,,,,https://www.youtube.com/watch?v=7wYGbV_LsX4,https://leetcode.com/problems/subarrays-with-k-different-integers/,https://www.geeksforgeeks.org/problems/subarrays-with-k-different-integers/1,https://www.codingninjas.com/studio/problems/subarrays-with-at-most-%E2%80%98k%E2%80%99-distinct-values_1473804,,,,,,909,takeuforward roadmap
240,10,Step 10: Sliding Window & Two Pointer Combined Problems,2,2. Hard Problems,Minimum Window Substring,Hard,"String, Data Structures",Not Started,,,,,https://www.youtube.com/watch?v=WJaij9ffOIY,https://leetcode.com/problems/minimum-window-substring/,https://practice.geeksforgeeks.org/problems/smallest-window-in-a-string-containing-all-the-characters-of-another-string-1587115621/1,https://www.codingninjas.com/studio/problems/minimum-window-substring_1215004,https://takeuforward.org/plus/dsa/problems/minimum-window-substring-,,,,,925,takeuforward roadmap
241,10,Step 10: Sliding Window & Two Pointer Combined Problems,2,2. Hard Problems,Minimum Window Subsequence,Hard,"String, Data Structures",Not Started,,,,,,https://leetcode.com/problems/minimum-window-subsequence/,https://www.geeksforgeeks.org/problems/minimum-window-subsequence/1,https://www.codingninjas.com/studio/problems/minimum-window-subsequence_2181133,,,,,,925,takeuforward roadmap
242,11,"Step 11: Heaps [Learning, Medium, Hard Problems]",1,1. Learning,Introduction to Priority Queues using Binary Heaps,Medium,"Queue, Heap",Not Started,,,,,,,https://www.geeksforgeeks.org/problems/implementation-of-priority-queue-using-binary-heap/1,https://www.codingninjas.com/studio/problems/implement-a-priority-queue-_1743878,,,,,,936,takeuforward roadmap
243,11,"Step 11: Heaps [Learning, Medium, Hard Problems]",1,1. Learning,Min Heap and Max Heap Implementation,Medium,"Heap, Data Structures",Not Started,,,,,,,https://www.geeksforgeeks.org/problems/operations-on-binary-min-heap/1,https://www.codingninjas.com/studio/problems/min-heap-implementation_5480527,https://takeuforward.org/plus/dsa/problems/implement-min-heap,,,,,952,takeuforward roadmap
244,11,"Step 11: Heaps [Learning, Medium, Hard Problems]",1,1. Learning,Check if an array represents a min-heap or not,Medium,"Arrays, Heap, Data Structures",Not Started,,,,,,,https://www.geeksforgeeks.org/problems/does-array-represent-heap4345/1,https://www.codingninjas.com/studio/problems/is-heap-possible-from-the-array,https://takeuforward.org/plus/dsa/problems/check-if-an-array-represents-a-min-heap-,,,,,957,takeuforward roadmap
245,11,"Step 11: Heaps [Learning, Medium, Hard Problems]",1,1. Learning,Convert min Heap to max Heap,Medium,"Heap, Data Structures",Not Started,,,,,,,https://www.geeksforgeeks.org/problems/convert-min-heap-to-max-heap-1666385109/1,https://www.codingninjas.com/codestudio/problems/convert-min-heap-to-max-heap_1381084,https://takeuforward.org/plus/dsa/problems/convert-min-heap-to-max-heap,,,,,959,takeuforward roadmap
246,11,"Step 11: Heaps [Learning, Medium, Hard Problems]",2,2. Medium Problems,Kth largest element in an array [use priority queue],Easy,"Arrays, Data Structures, Heap",Not Started,,,,https://takeuforward.org/data-structure/kth-largest-smallest-element-in-an-array/,,https://leetcode.com/problems/kth-largest-element-in-an-array/,https://www.geeksforgeeks.org/problems/k-largest-elements4206/1,https://www.codingninjas.com/codestudio/problems/k-largest-elements_796005,https://takeuforward.org/plus/dsa/problems/k-th-largest-element-in-an-array,,,,,,takeuforward roadmap
247,11,"Step 11: Heaps [Learning, Medium, Hard Problems]",2,2. Medium Problems,Kth smallest element in an array [use priority queue],Easy,"Arrays, Heap, Data Structures",Not Started,,,,https://takeuforward.org/data-structure/kth-largest-smallest-element-in-an-array/,,,https://www.geeksforgeeks.org/problems/kth-smallest-element5635/1,https://www.codingninjas.com/studio/problems/merge-k-sorted-arrays_975379,,,,,,962,takeuforward roadmap
248,11,"Step 11: Heaps [Learning, Medium, Hard Problems]",2,2. Medium Problems,Sort K sorted array,Easy,"Arrays, Sorting, Data Structures",Not Started,,,,,,,https://www.geeksforgeeks.org/problems/merge-k-sorted-arrays/1,,,,,https://leetcode.com/problems/merge-k-sorted-lists,codolio,966,takeuforward roadmap
249,11,"Step 11: Heaps [Learning, Medium, Hard Problems]",2,2. Medium Problems,Merge M sorted Lists,Hard,"Arrays, Heap, Data Structures, Linked List",Not Started,,,,,,https://leetcode.com/problems/merge-k-sorted-lists/,https://www.geeksforgeeks.org/problems/merge-k-sorted-linked-lists/1,https://www.codingninjas.com/studio/problems/merge-k-sorted-lists_992772,,,,,,970,takeuforward roadmap
250,11,"Step 11: Heaps [Learning, Medium, Hard Problems]",2,2. Medium Problems,Replace each array element by its corresponding rank,Easy,"Arrays, Hashing, Data Structures",Not Started,,,,https://takeuforward.org/data-structure/replace-elements-by-its-rank-in-the-array/,,,https://www.geeksforgeeks.org/problems/replace-elements-by-its-rank-in-the-array/1,https://www.codingninjas.com/studio/problems/replace-each-element-of-array-with-its-corresponding-rank_975384,,,,,,,takeuforward roadmap
251,11,"Step 11: Heaps [Learning, Medium, Hard Problems]",2,2. Medium Problems,Task Scheduler,Medium,"Arrays, Hashing, Greedy, Sorting, Heap",Not Started,,,,,,https://leetcode.com/problems/task-scheduler/,https://www.geeksforgeeks.org/problems/task-scheduler/1,https://www.codingninjas.com/studio/problems/task-scheduler_1070424,,,,,,984,takeuforward roadmap
252,11,"Step 11: Heaps [Learning, Medium, Hard Problems]",2,2. Medium Problems,Hands of Straights,Medium,"Arrays, Hashing, Greedy, Sorting, Data Structures",Not Started,,,,,,https://leetcode.com/problems/hand-of-straights/,,https://www.codingninjas.com/studio/problems/groups-in-ninja-land._1459215,,,,,,988,takeuforward roadmap
253,11,"Step 11: Heaps [Learning, Medium, Hard Problems]",3,3. Hard Problems,Design twitter,Medium,"Hashing, Linked List, Heap",Not Started,,,,,,https://leetcode.com/problems/design-twitter/,https://practice.geeksforgeeks.org/problems/design-twitter/1,https://www.codingninjas.com/codestudio/problems/design-twitter_8380711,,,,,,992,takeuforward roadmap
254,11,"Step 11: Heaps [Learning, Medium, Hard Problems]",3,3. Hard Problems,Connect `n` ropes with minimal cost,Medium,"Arrays, Heap, Data Structures",Not Started,,,,,,,https://www.geeksforgeeks.org/problems/rod-cutting0840/1,https://www.codingninjas.com/studio/problems/connect-n-ropes-with-minimum-cost_625783,,,,,,997,takeuforward roadmap
255,11,"Step 11: Heaps [Learning, Medium, Hard Problems]",3,3. Hard Problems,Kth largest element in a stream of running integers,Easy,"Binary Search Tree, Heap, Data Structures",Not Started,,,,,,https://leetcode.com/problems/kth-largest-element-in-a-stream/,https://www.geeksforgeeks.org/problems/kth-largest-element-in-a-stream2220/1,https://www.codingninjas.com/studio/problems/kth-largest-element-in-a-stream_800301,https://takeuforward.org/plus/dsa/problems/kth-largest-element-in-a-stream-of-running-integers,,,,,1002,takeuforward roadmap
256,11,"Step 11: Heaps [Learning, Medium, Hard Problems]",3,3. Hard Problems,Maximum Sum Combination,Medium,"Arrays, Sorting, Heap, Data Structures",Not Started,,,,,,,https://www.geeksforgeeks.org/problems/maximum-sum-combination/1,https://www.codingninjas.com/studio/problems/median-in-a-stream_975268,,https://www.interviewbit.com/problems/maximum-sum-combinations/,InterviewBit,,,1005,takeuforward roadmap
257,11,"Step 11: Heaps [Learning, Medium, Hard Problems]",3,3. Hard Problems,Find Median from Data Stream,Hard,"Two Pointer, Sorting, Heap, Data Structures",Not Started,,,,,,https://leetcode.com/problems/find-median-from-data-stream/,https://www.geeksforgeeks.org/problems/find-median-in-a-stream-1587115620/1,https://www.codingninjas.com/studio/problems/median-in-a-stream_975268,,,,,,1013,takeuforward roadmap
258,11,"Step 11: Heaps [Learning, Medium, Hard Problems]",3,3. Hard Problems,K most frequent elements,Medium,"Arrays, Hashing, Sorting, Heap, Data Structures",Not Started,,,,,,https://leetcode.com/problems/top-k-frequent-elements/,https://www.geeksforgeeks.org/problems/top-k-frequent-elements-in-array/1,https://www.codingninjas.com/studio/problems/k-most-frequent-elements_3167808,,,,,,1024,takeuforward roadmap
259,12,"Step 12: Greedy Algorithms [Easy, Medium/Hard]",1,1. Easy Problems,Assign Cookies,Easy,"Arrays, Two Pointer, Greedy, Data Structures, Sorting",Not Started,,,,https://takeuforward.org/Greedy/assign-cookies,https://www.youtube.com/watch?v=DIX2p7vb9co,https://leetcode.com/problems/assign-cookies/,https://www.geeksforgeeks.org/problems/assign-cookies/1,https://www.codingninjas.com/codestudio/problems/assign-cookies_8390826,https://takeuforward.org/plus/dsa/problems/assign-cookies,,,,,1036,takeuforward roadmap
260,12,"Step 12: Greedy Algorithms [Easy, Medium/Hard]",1,1. Easy Problems,Fractional Knapsack Problem,Medium,"Greedy, Data Structures",Not Started,,,,https://takeuforward.org/data-structure/fractional-knapsack-problem-greedy-approach/,https://www.youtube.com/watch?v=1ibsQrnuEEg,,https://www.geeksforgeeks.org/problems/fractional-knapsack-1587115620/1,https://www.codingninjas.com/studio/problems/fractional-knapsack_975286,,https://practice.geeksforgeeks.org/problems/fractional-knapsack-1587115620/1,GeeksForGeeks,,,,takeuforward roadmap
261,12,"Step 12: Greedy Algorithms [Easy, Medium/Hard]",1,1. Easy Problems,Greedy algorithm to find minimum number of coins,Medium,"Greedy, Arrays, Data Structures",Not Started,,,,https://takeuforward.org/data-structure/find-minimum-number-of-coins/,https://www.youtube.com/watch?v=mVg9CfJvayM,,https://www.geeksforgeeks.org/problems/-minimum-number-of-coins4426/1,https://www.codingninjas.com/studio/problems/find-minimum-number-of-coins_975277,,https://www.geeksforgeeks.org/find-minimum-number-of-coins-that-make-a-change/,GeeksForGeeks,,,,takeuforward roadmap
262,12,"Step 12: Greedy Algorithms [Easy, Medium/Hard]",1,1. Easy Problems,Lemonade Change,Easy,"Arrays, Greedy, Data Structures",Not Started,,,,https://takeuforward.org/Greedy/lemonade-change,https://www.youtube.com/watch?v=n_tmibEhO6Q,https://leetcode.com/problems/lemonade-change/,https://www.geeksforgeeks.org/problems/lemonade-change/1,https://www.codingninjas.com/codestudio/problems/lemonade-change_8224112,https://takeuforward.org/plus/dsa/problems/lemonade-change,,,,,1048,takeuforward roadmap
263,12,"Step 12: Greedy Algorithms [Easy, Medium/Hard]",1,1. Easy Problems,Valid Paranthesis Checker,Medium,"Stack, String, Data Structures",Not Started,,,,,https://www.youtube.com/watch?v=cHT6sG_hUZI,https://leetcode.com/problems/valid-parenthesis-string/,https://www.geeksforgeeks.org/problems/parenthesis-checker2744/1,https://www.codingninjas.com/studio/problems/balanced-parentheses_8162202,https://takeuforward.org/plus/dsa/problems/valid-paranthesis-checker,,,,,1051,takeuforward roadmap
264,12,"Step 12: Greedy Algorithms [Easy, Medium/Hard]",2,2. Medium/Hard,N meetings in one room,Medium,"Arrays, Greedy, Data Structures",Not Started,,,,https://takeuforward.org/data-structure/n-meetings-in-one-room/,https://www.youtube.com/watch?v=mKfhTotEguk,,https://www.geeksforgeeks.org/problems/n-meetings-in-one-room-1587115620/1,https://www.codingninjas.com/studio/problems/maximum-meetings_1062658,https://takeuforward.org/plus/dsa/problems/n-meetings-in-one-room,https://practice.geeksforgeeks.org/problems/n-meetings-in-one-room-1587115620/1,GeeksForGeeks,,,1056,takeuforward roadmap
265,12,"Step 12: Greedy Algorithms [Easy, Medium/Hard]",2,2. Medium/Hard,Jump Game,Medium,"Arrays, Dynamic Programming, Greedy, Data Structures",Not Started,,,,https://takeuforward.org/Greedy/jump-game-i,https://www.youtube.com/watch?v=tZAa_jJ3SwQ,https://leetcode.com/problems/jump-game/,https://www.geeksforgeeks.org/problems/jump-game/1,https://www.codingninjas.com/studio/problems/jump-game_3164697,https://takeuforward.org/plus/dsa/problems/jump-game---i,,,,,1059,takeuforward roadmap
266,12,"Step 12: Greedy Algorithms [Easy, Medium/Hard]",2,2. Medium/Hard,Jump Game 2,Medium,"Arrays, Dynamic Programming, Greedy, Data Structures",Not Started,,,,,https://www.youtube.com/watch?v=7SBVnw7GSTk,https://leetcode.com/problems/jump-game-ii/,https://www.geeksforgeeks.org/problems/minimum-number-of-jumps-1587115620/1,https://www.codingninjas.com/studio/problems/jump-game_893178,,,,,,1061,takeuforward roadmap
267,12,"Step 12: Greedy Algorithms [Easy, Medium/Hard]",2,2. Medium/Hard,Minimum number of platforms required for a railway,Medium,"Arrays, Greedy, Data Structures",Not Started,,,,https://takeuforward.org/data-structure/minimum-number-of-platforms-required-for-a-railway/,https://www.youtube.com/watch?v=AsGzwR_FWok,,https://www.geeksforgeeks.org/problems/minimum-platforms-1587115620/1,https://www.codingninjas.com/studio/problems/minimum-number-of-platforms_799400,https://takeuforward.org/plus/dsa/problems/minimum-number-of-platforms-required-for-a-railway,https://practice.geeksforgeeks.org/problems/minimum-platforms-1587115620/1,GeeksForGeeks,,,1068,takeuforward roadmap
268,12,"Step 12: Greedy Algorithms [Easy, Medium/Hard]",2,2. Medium/Hard,Job sequencing Problem,Medium,"Greedy, Data Structures, Arrays",Not Started,,,,https://takeuforward.org/data-structure/job-sequencing-problem/,https://www.youtube.com/watch?v=QbwltemZbRg,,https://www.geeksforgeeks.org/problems/job-sequencing-problem-1587115620/1,https://www.codingninjas.com/studio/problems/job-sequencing-problem_1169460,https://takeuforward.org/plus/dsa/problems/job-sequencing-problem,https://practice.geeksforgeeks.org/problems/job-sequencing-problem-1587115620/1,GeeksForGeeks,,,1073,takeuforward roadmap
269,12,"Step 12: Greedy Algorithms [Easy, Medium/Hard]",2,2. Medium/Hard,Candy,Hard,"Arrays, Greedy",Not Started,,,,,https://www.youtube.com/watch?v=IIqVFvKE6RY,https://leetcode.com/problems/candy/,https://www.geeksforgeeks.org/problems/candy/1,https://www.codingninjas.com/studio/problems/candies_893290,https://takeuforward.org/plus/dsa/problems/candy,,,,,,takeuforward roadmap
270,12,"Step 12: Greedy Algorithms [Easy, Medium/Hard]",2,2. Medium/Hard,Program for Shortest Job First (or SJF) CPU Scheduling,Medium,"Hashing, Data Structures",Not Started,,,,https://takeuforward.org/Greedy/shortest-job-first-or-sjf-cpu-scheduling,https://www.youtube.com/watch?v=3-QbX1iDbXs,,https://www.geeksforgeeks.org/problems/shortest-job-first/1,https://www.codingninjas.com/studio/problems/sjf_1172165,https://takeuforward.org/plus/dsa/problems/shortest-job-first,,,,,1084,takeuforward roadmap
271,12,"Step 12: Greedy Algorithms [Easy, Medium/Hard]",2,2. Medium/Hard,Program for Least Recently Used (LRU) Page Replacement Algorithm,Medium,"Hashing, Data Structures",Not Started,,,,,,,https://www.geeksforgeeks.org/problems/page-faults-in-lru5603/1,,,,,,,1087,takeuforward roadmap
272,12,"Step 12: Greedy Algorithms [Easy, Medium/Hard]",2,2. Medium/Hard,Insert Interval,Medium,"Arrays, Data Structures",Not Started,,,,https://takeuforward.org/?s=Insert+Interval,https://www.youtube.com/watch?v=xxRE-46OCC8,https://leetcode.com/problems/insert-interval/,https://www.geeksforgeeks.org/problems/insert-interval-1666733333/1,https://www.codingninjas.com/studio/problems/-insert-interval_285893,https://takeuforward.org/plus/dsa/problems/insert-interval,,,,,1091,takeuforward roadmap
273,12,"Step 12: Greedy Algorithms [Easy, Medium/Hard]",2,2. Medium/Hard,Merge Intervals,Medium,"Arrays, Sorting, Data Structures",Not Started,,,,https://takeuforward.org/data-structure/merge-overlapping-sub-intervals/,https://www.youtube.com/watch?v=2JzRBPFYbKE,https://leetcode.com/problems/merge-intervals/,https://www.geeksforgeeks.org/problems/overlapping-intervals--170633/1,https://www.codingninjas.com/studio/problems/merge-intervals_699917,,,,,,1096,takeuforward roadmap
274,12,"Step 12: Greedy Algorithms [Easy, Medium/Hard]",2,2. Medium/Hard,Non-overlapping Intervals,Medium,"Arrays, Greedy, Sorting, Data Structures",Not Started,,,,,https://www.youtube.com/watch?v=HDHQ8lAWakY,https://leetcode.com/problems/non-overlapping-intervals/,https://www.geeksforgeeks.org/problems/non-overlapping-intervals/1,https://www.codingninjas.com/studio/problems/non-overlapping-intervals_3169341,https://takeuforward.org/plus/dsa/problems/non-overlapping-intervals,,,,,1100,takeuforward roadmap
275,13,"Step 13: Binary Trees [Traversals, Medium and Hard Problems]",1,1. Traversals,Introduction to Trees,Easy,"Binary Tree, Data Structures",Not Started,,,,https://takeuforward.org/binary-tree/introduction-to-trees/,https://www.youtube.com/watch?v=_ANrF3FJm7I,,https://www.geeksforgeeks.org/problems/introduction-to-trees/1,https://www.codingninjas.com/studio/problems/number-of-nodes_8162204,,,,,,1106,takeuforward roadmap
276,13,"Step 13: Binary Trees [Traversals, Medium and Hard Problems]",1,1. Traversals,Binary Tree Representation in C++,Easy,"Binary Tree, Data Structures",Not Started,,,,https://takeuforward.org/binary-tree/binary-tree-representation-in-c/,https://www.youtube.com/watch?v=ctCpP0RFDFc,,https://www.geeksforgeeks.org/problems/binary-tree-representation/1,https://www.codingninjas.com/codestudio/problems/create-binary-tree_8360671,,,,,,1115,takeuforward roadmap
277,13,"Step 13: Binary Trees [Traversals, Medium and Hard Problems]",1,1. Traversals,Binary Tree Representation in Java,Easy,"Binary Tree, Data Structures",Not Started,,,,https://takeuforward.org/binary-tree/binary-tree-representation-in-java/,https://www.youtube.com/watch?v=hyLyW7rP24I,,https://www.geeksforgeeks.org/problems/binary-tree-representation/1,https://www.codingninjas.com/codestudio/problems/create-binary-tree_8360671,,,,,,1115,takeuforward roadmap
278,13,"Step 13: Binary Trees [Traversals, Medium and Hard Problems]",1,1. Traversals,Binary Tree Traversals in Binary Tree,Easy,"Binary Tree, Data Structures",Not Started,,,,https://takeuforward.org/binary-tree/binary-tree-traversal-inorder-preorder-postorder/,https://www.youtube.com/watch?v=jmy0LaGET1I,,,https://www.codingninjas.com/codestudio/problems/tree-traversal_981269,,,,,,1176,takeuforward roadmap
279,13,"Step 13: Binary Trees [Traversals, Medium and Hard Problems]",1,1. Traversals,Preorder Traversal of Binary Tree,Easy,"Binary Tree, Data Structures",Not Started,,,,https://takeuforward.org/data-structure/preorder-traversal-of-binary-tree/,https://www.youtube.com/watch?v=RlUu72JrOCQ,https://leetcode.com/problems/binary-tree-preorder-traversal/,https://www.geeksforgeeks.org/problems/preorder-traversal/1,https://www.codingninjas.com/studio/problems/preorder-binary-tree_5948,https://takeuforward.org/plus/dsa/problems/preorder-traversal,,,,,1258,takeuforward roadmap
280,13,"Step 13: Binary Trees [Traversals, Medium and Hard Problems]",1,1. Traversals,Inorder Traversal of Binary Tree,Easy,"Binary Tree, Data Structures",Not Started,,,,https://takeuforward.org/data-structure/inorder-traversal-of-binary-tree/,https://www.youtube.com/watch?v=Z_NEgBgbRVI,https://leetcode.com/problems/binary-tree-inorder-traversal/,https://www.geeksforgeeks.org/problems/inorder-traversal/1,https://www.codingninjas.com/studio/problems/inorder-traversal_3839605,https://takeuforward.org/plus/dsa/problems/inorder-traversal,,,,,1262,takeuforward roadmap
281,13,"Step 13: Binary Trees [Traversals, Medium and Hard Problems]",1,1. Traversals,Post-order Traversal of Binary Tree,Easy,"Binary Tree, Data Structures",Not Started,,,,https://takeuforward.org/data-structure/post-order-traversal-of-binary-tree/,https://www.youtube.com/watch?v=COQOU6klsBg,https://leetcode.com/problems/binary-tree-postorder-traversal/,https://www.geeksforgeeks.org/problems/postorder-traversal/1,https://www.codingninjas.com/studio/problems/postorder-traversal_2035933,https://takeuforward.org/plus/dsa/problems/postorder-traversal,,,,,1137,takeuforward roadmap
282,13,"Step 13: Binary Trees [Traversals, Medium and Hard Problems]",1,1. Traversals,Level order Traversal / Level order traversal in spiral form,Easy,"Binary Tree, Data Structures",Not Started,,,,https://takeuforward.org/data-structure/level-order-traversal-of-a-binary-tree/,https://www.youtube.com/watch?v=EoAsWbO7sqg,https://leetcode.com/problems/binary-tree-level-order-traversal/,https://www.geeksforgeeks.org/problems/level-order-traversal-in-spiral-form/1,https://www.codingninjas.com/studio/problems/zigzag-binary-tree-traversal_920532,https://takeuforward.org/plus/dsa/problems/level-order-traversal,,,,,1129,takeuforward roadmap
283,13,"Step 13: Binary Trees [Traversals, Medium and Hard Problems]",1,1. Traversals,Iterative Preorder Traversal of Binary Tree,Easy,"Binary Tree, Data Structures",Not Started,,,,https://takeuforward.org/data-structure/iterative-preorder-traversal-of-binary-tree,https://www.youtube.com/watch?v=Bfqd8BsPVuw,https://leetcode.com/problems/binary-tree-preorder-traversal/,https://www.geeksforgeeks.org/problems/preorder-traversal/1,https://www.codingninjas.com/studio/problems/preorder-binary-tree_5948,https://takeuforward.org/plus/dsa/problems/preorder-traversal,,,,,1134,takeuforward roadmap
284,13,"Step 13: Binary Trees [Traversals, Medium and Hard Problems]",1,1. Traversals,Iterative Inorder Traversal of Binary Tree,Easy,"Binary Tree, Data Structures",Not Started,,,,https://takeuforward.org/data-structure/inorder-traversal-of-binary-tree/,https://www.youtube.com/watch?v=lxTGsVXjwvM,https://leetcode.com/problems/binary-tree-inorder-traversal/,https://www.geeksforgeeks.org/problems/inorder-traversal/1,https://www.codingninjas.com/studio/problems/inorder-traversal_3839605,https://takeuforward.org/plus/dsa/problems/inorder-traversal,,,,,1182,takeuforward roadmap
285,13,"Step 13: Binary Trees [Traversals, Medium and Hard Problems]",1,1. Traversals,Post-order Traversal of Binary Tree using 2 stack,Easy,"Binary Tree, Data Structures",Not Started,,,,https://takeuforward.org/data-structure/iterative-postorder-traversal-of-binary-tree-using-2-stack,https://www.youtube.com/watch?v=2YBhNLodD8Q,https://leetcode.com/problems/binary-tree-postorder-traversal/,https://www.geeksforgeeks.org/problems/postorder-traversal/1,https://www.codingninjas.com/studio/problems/postorder-traversal_2035933,https://takeuforward.org/plus/dsa/problems/postorder-traversal,,,,,1137,takeuforward roadmap
286,13,"Step 13: Binary Trees [Traversals, Medium and Hard Problems]",1,1. Traversals,Post-order Traversal of Binary Tree using 1 stack,Medium,"Binary Tree, Data Structures",Not Started,,,,https://takeuforward.org/data-structure/post-order-traversal-of-binary-tree/,https://www.youtube.com/watch?v=NzIGLLwZBS8,https://leetcode.com/problems/binary-tree-postorder-traversal/,https://www.geeksforgeeks.org/problems/postorder-traversal/1,https://www.codingninjas.com/studio/problems/postorder-traversal_2035933,https://takeuforward.org/plus/dsa/problems/postorder-traversal,,,,,1137,takeuforward roadmap
287,13,"Step 13: Binary Trees [Traversals, Medium and Hard Problems]",1,1. Traversals,"Preorder, Inorder, and Postorder Traversal in one Traversal",Medium,"Binary Tree, Data Structures",Not Started,,,,https://takeuforward.org/data-structure/preorder-inorder-postorder-traversals-in-one-traversal/,https://www.youtube.com/watch?v=ySp2epYvgTE,,https://www.geeksforgeeks.org/problems/postorder-traversal-iterative/1,https://www.codingninjas.com/studio/problems/tree-traversals_981269,"https://takeuforward.org/plus/dsa/problems/pre,-post,-inorder-in-one-traversal",,,,,1141,takeuforward roadmap
288,13,"Step 13: Binary Trees [Traversals, Medium and Hard Problems]",2,2. Medium Problems,Height of a Binary Tree,Medium,"Binary Tree, Data Structures",Not Started,,,,https://takeuforward.org/data-structure/maximum-depth-of-a-binary-tree/,https://www.youtube.com/watch?v=eD3tmO66aBA,https://leetcode.com/problems/maximum-depth-of-binary-tree/,https://www.geeksforgeeks.org/problems/height-of-binary-tree/1,https://www.codingninjas.com/studio/problems/height-of-binary-tree_4609628,https://takeuforward.org/plus/dsa/problems/maximum-depth-in-bt,,,,,,takeuforward roadmap
289,13,"Step 13: Binary Trees [Traversals, Medium and Hard Problems]",2,2. Medium Problems,Check if the Binary tree is height-balanced or not,Medium,"Binary Tree, Data Structures",Not Started,,,,https://takeuforward.org/data-structure/check-if-the-binary-tree-is-balanced-binary-tree/,https://www.youtube.com/watch?v=Yt50Jfbd8Po,https://leetcode.com/problems/balanced-binary-tree/,https://www.geeksforgeeks.org/problems/check-for-balanced-tree/1,https://www.codingninjas.com/studio/problems/is-height-balanced-binary-tree_975497,https://takeuforward.org/plus/dsa/problems/check-for-balanced-binary-tree,,,,,1150,takeuforward roadmap
290,13,"Step 13: Binary Trees [Traversals, Medium and Hard Problems]",2,2. Medium Problems,Diameter of Binary Tree,Medium,"Binary Tree, Data Structures",Not Started,,,,https://takeuforward.org/data-structure/calculate-the-diameter-of-a-binary-tree/,https://www.youtube.com/watch?v=Rezetez59Nk,https://leetcode.com/problems/diameter-of-binary-tree/,https://www.geeksforgeeks.org/problems/diameter-of-binary-tree/1,https://www.codingninjas.com/studio/problems/diameter-of-binary-tree_920552,https://takeuforward.org/plus/dsa/problems/diameter-of-binary-tree,,,,,1156,takeuforward roadmap
291,13,"Step 13: Binary Trees [Traversals, Medium and Hard Problems]",2,2. Medium Problems,Maximum path sum,Hard,"Binary Tree, Data Structures",Not Started,,,,https://takeuforward.org/data-structure/maximum-sum-path-in-binary-tree/,https://www.youtube.com/watch?v=WszrfSwMz58,https://leetcode.com/problems/binary-tree-maximum-path-sum/,https://www.geeksforgeeks.org/problems/maximum-path-sum-from-any-node/1,https://www.codingninjas.com/studio/problems/maximum-sum-path-of-a-binary-tree._1214968,https://takeuforward.org/plus/dsa/problems/maximum-path-sum-,,,,,1165,takeuforward roadmap
292,13,"Step 13: Binary Trees [Traversals, Medium and Hard Problems]",2,2. Medium Problems,Check if two trees are identical or not,Medium,"Binary Tree, Data Structures",Not Started,,,,https://takeuforward.org/data-structure/check-if-two-trees-are-identical/,https://www.youtube.com/watch?v=BhuvF_-PWS0,https://leetcode.com/problems/same-tree/,https://www.geeksforgeeks.org/problems/determine-if-two-trees-are-identical/1,https://www.codingninjas.com/studio/problems/check-identical-trees_799364,https://takeuforward.org/plus/dsa/problems/check-if-two-trees-are-identical-or-not,,,,,1168,takeuforward roadmap
293,13,"Step 13: Binary Trees [Traversals, Medium and Hard Problems]",2,2. Medium Problems,Zig Zag Traversal of Binary Tree,Easy,"Binary Tree, Data Structures",Not Started,,,,https://takeuforward.org/data-structure/zig-zag-traversal-of-binary-tree/,https://www.youtube.com/watch?v=3OXWEdlIGl4,https://leetcode.com/problems/binary-tree-zigzag-level-order-traversal/,https://www.geeksforgeeks.org/problems/zigzag-tree-traversal/1,https://www.codingninjas.com/studio/problems/zigzag-binary-tree-traversal_920532,https://takeuforward.org/plus/dsa/problems/zig-zag-or-spiral-traversal,,,,,1172,takeuforward roadmap
294,13,"Step 13: Binary Trees [Traversals, Medium and Hard Problems]",2,2. Medium Problems,Boundary Traversal of Binary Tree,Medium,"Binary Tree, Data Structures",Not Started,,,,https://takeuforward.org/data-structure/boundary-traversal-of-a-binary-tree/,https://www.youtube.com/watch?v=0ca1nvR0be4,https://leetcode.com/problems/boundary-of-binary-tree/,https://www.geeksforgeeks.org/problems/boundary-traversal-of-binary-tree/0,https://www.codingninjas.com/studio/problems/boundary-traversal-of-binary-tree_790725,https://takeuforward.org/plus/dsa/problems/boundary-traversal,,,,,1176,takeuforward roadmap
295,13,"Step 13: Binary Trees [Traversals, Medium and Hard Problems]",2,2. Medium Problems,Vertical Order Traversal of Binary Tree,Easy,"Binary Tree, Data Structures",Not Started,,,,https://takeuforward.org/data-structure/vertical-order-traversal-of-binary-tree/,https://www.youtube.com/watch?v=q_a6lpbKJdw,https://leetcode.com/problems/vertical-order-traversal-of-a-binary-tree/,https://www.geeksforgeeks.org/problems/print-a-binary-tree-in-vertical-order/0,https://www.codingninjas.com/studio/problems/vertical-order-traversal_3622711,https://takeuforward.org/plus/dsa/problems/vertical-order-traversal,,,,,1182,takeuforward roadmap
296,13,"Step 13: Binary Trees [Traversals, Medium and Hard Problems]",2,2. Medium Problems,Top View of Binary Tree,Easy,"Binary Tree, Data Structures",Not Started,,,,https://takeuforward.org/data-structure/top-view-of-a-binary-tree/,https://www.youtube.com/watch?v=Et9OCDNvJ78,,https://www.geeksforgeeks.org/problems/top-view-of-binary-tree/1,https://www.codingninjas.com/studio/problems/top-view-of-binary-tree_799401,https://takeuforward.org/plus/dsa/problems/top-view-of-bt,https://practice.geeksforgeeks.org/problems/top-view-of-binary-tree/1,GeeksForGeeks,,,1190,takeuforward roadmap
297,13,"Step 13: Binary Trees [Traversals, Medium and Hard Problems]",2,2. Medium Problems,Bottom View of Binary Tree,Medium,"Binary Tree, Data Structures",Not Started,,,,https://takeuforward.org/data-structure/bottom-view-of-a-binary-tree/,https://www.youtube.com/watch?v=0FtVY6I4pB8,,https://www.geeksforgeeks.org/problems/bottom-view-of-binary-tree/1,https://www.codingninjas.com/studio/problems/bottom-view-of-binary-tree_893110,https://takeuforward.org/plus/dsa/problems/bottom-view-of-bt,https://practice.geeksforgeeks.org/problems/bottom-view-of-binary-tree/1,GeeksForGeeks,,,1194,takeuforward roadmap
298,13,"Step 13: Binary Trees [Traversals, Medium and Hard Problems]",2,2. Medium Problems,Right/Left View of Binary Tree,Medium,"Binary Tree, Data Structures",Not Started,,,,https://takeuforward.org/data-structure/right-left-view-of-binary-tree/,https://www.youtube.com/watch?v=KV4mRzTjlAk,https://leetcode.com/problems/binary-tree-right-side-view/,https://www.geeksforgeeks.org/problems/left-view-of-binary-tree/1,https://www.codingninjas.com/studio/problems/left-view-of-binary-tree_625707,https://takeuforward.org/plus/dsa/problems/right-left-view-of-bt,,,,,1198,takeuforward roadmap
299,13,"Step 13: Binary Trees [Traversals, Medium and Hard Problems]",2,2. Medium Problems,Symmetric Binary Tree,Medium,"Binary Tree, Data Structures",Not Started,,,,https://takeuforward.org/data-structure/check-for-symmetrical-binary-tree/,https://www.youtube.com/watch?v=nKggiEpBE,https://leetcode.com/problems/symmetric-tree/,https://www.geeksforgeeks.org/problems/symmetric-tree/1,https://www.codingninjas.com/studio/problems/symmetric-tree_981177,https://takeuforward.org/plus/dsa/problems/check-for-symmetrical-bts,,,,,1203,takeuforward roadmap
300,13,"Step 13: Binary Trees [Traversals, Medium and Hard Problems]",3,3. Hard Problems,Root to Node Path in Binary Tree,Medium,"Binary Tree, Data Structures",Not Started,,,,https://takeuforward.org/data-structure/print-root-to-node-path-in-a-binary-tree/,https://www.youtube.com/watch?v=fmflMqVOC7k,,https://www.geeksforgeeks.org/problems/root-to-leaf-paths/1,https://www.codingninjas.com/studio/problems/all-root-to-leaf-paths-in-binary-tree._983599,https://takeuforward.org/plus/dsa/problems/print-root-to-note-path-in-bt,,,,,1206,takeuforward roadmap
301,13,"Step 13: Binary Trees [Traversals, Medium and Hard Problems]",3,3. Hard Problems,LCA in Binary Tree,Medium,"Binary Search Tree, Data Structures",Not Started,,,,https://takeuforward.org/data-structure/lowest-common-ancestor-for-two-given-nodes/,https://www.youtube.com/watch?v=_-QHfMDde90,https://leetcode.com/problems/lowest-common-ancestor-of-a-binary-tree/,https://www.geeksforgeeks.org/problems/lowest-common-ancestor-in-a-binary-tree/1,https://www.codingninjas.com/studio/problems/lca-of-binary-tree_920541,https://takeuforward.org/plus/dsa/problems/lca-in-bt,,,,,1206,takeuforward roadmap
302,13,"Step 13: Binary Trees [Traversals, Medium and Hard Problems]",3,3. Hard Problems,Maximum width of a Binary Tree,Medium,"Binary Tree, Data Structures",Not Started,,,,https://takeuforward.org/data-structure/maximum-width-of-a-binary-tree/,https://www.youtube.com/watch?v=ZbybYvcVLks,https://leetcode.com/problems/maximum-width-of-binary-tree/,https://www.geeksforgeeks.org/problems/maximum-width-of-tree/1,https://www.codingninjas.com/studio/problems/maximum-width-in-binary-tree_763671,https://takeuforward.org/plus/dsa/problems/maximum-width-of-bt,,,,,1215,takeuforward roadmap
303,13,"Step 13: Binary Trees [Traversals, Medium and Hard Problems]",3,3. Hard Problems,Check for Children Sum Property,Hard,"Binary Tree, Data Structures",Not Started,,,,https://takeuforward.org/data-structure/check-for-children-sum-property-in-a-binary-tree/,https://www.youtube.com/watch?v=fnmisPM6cVo,,https://www.geeksforgeeks.org/problems/children-sum-parent/1,https://www.codingninjas.com/studio/problems/children-sum-property_8357239,,,,,,1219,takeuforward roadmap
304,13,"Step 13: Binary Trees [Traversals, Medium and Hard Problems]",3,3. Hard Problems,Print all the Nodes at a distance of K in a Binary Tree,Medium,"Binary Tree, Data Structures",Not Started,,,,,https://www.youtube.com/watch?v=i9ORlEy6EsI,https://leetcode.com/problems/all-nodes-distance-k-in-binary-tree/,https://www.geeksforgeeks.org/problems/nodes-at-given-distance-in-binary-tree/1,https://www.codingninjas.com/studio/problems/print-nodes-at-distance-k-from-a-given-node_842560,https://takeuforward.org/plus/dsa/problems/print-all-nodes-at-a-distance-of-k-in-bt,,,,,1224,takeuforward roadmap
305,13,"Step 13: Binary Trees [Traversals, Medium and Hard Problems]",3,3. Hard Problems,Minimum time taken to BURN the Binary Tree from a Node,Hard,"Binary Tree, Data Structures",Not Started,,,,,https://www.youtube.com/watch?v=2r5wLmQfD6g,,https://www.geeksforgeeks.org/problems/burning-tree/1,https://www.codingninjas.com/studio/problems/time-to-burn-tree_1469067,https://takeuforward.org/plus/dsa/problems/minimum-time-taken-to-burn-the-bt-from-a-given-node,,,,,1229,takeuforward roadmap
306,13,"Step 13: Binary Trees [Traversals, Medium and Hard Problems]",3,3. Hard Problems,Count total Nodes in a COMPLETE Binary Tree,Medium,"Binary Tree, Data Structures",Not Started,,,,https://takeuforward.org/binary-tree/count-number-of-nodes-in-a-binary-tree/,https://www.youtube.com/watch?v=u-yWemKGWO0,https://leetcode.com/problems/count-complete-tree-nodes/,https://www.geeksforgeeks.org/problems/count-number-of-nodes-in-a-binary-tree/1,https://www.codingninjas.com/studio/problems/nodes-in-complete-binary-tree_1281151,https://takeuforward.org/plus/dsa/problems/count-total-nodes-in-a-complete-bt,,,,,,takeuforward roadmap
307,13,"Step 13: Binary Trees [Traversals, Medium and Hard Problems]",3,3. Hard Problems,Requirements needed to construct a Unique Binary Tree | Theory,Medium,"Binary Tree, Data Structures",Not Started,,,,,https://www.youtube.com/watch?v=9GMECGQgWrQ,,https://www.geeksforgeeks.org/problems/unique-binary-tree-requirements/1,https://www.codingninjas.com/studio/problems/unique-binary-tree_8180906,https://takeuforward.org/plus/dsa/problems/requirements-needed-to-construct-a-unique-bt,,,,,1240,takeuforward roadmap
308,13,"Step 13: Binary Trees [Traversals, Medium and Hard Problems]",3,3. Hard Problems,Construct Binary Tree from inorder and preorder,Hard,"Binary Tree, Data Structures",Not Started,,,,https://takeuforward.org/data-structure/construct-a-binary-tree-from-inorder-and-preorder-traversal/,https://www.youtube.com/watch?v=aZNaLrVebKQ,https://leetcode.com/problems/construct-binary-tree-from-preorder-and-inorder-traversal/,https://www.geeksforgeeks.org/problems/construct-tree-1/1,https://www.codingninjas.com/studio/problems/construct-binary-tree-from-inorder-and-preorder-traversal_920539,https://takeuforward.org/plus/dsa/problems/construct-a-bt-from-preorder-and-inorder,,,,,1243,takeuforward roadmap
309,13,"Step 13: Binary Trees [Traversals, Medium and Hard Problems]",3,3. Hard Problems,Construct the Binary Tree from Postorder and Inorder Traversal,Hard,"Binary Tree, Data Structures",Not Started,,,,https://takeuforward.org/data-structure/construct-binary-tree-from-inorder-and-postorder-traversal/,https://www.youtube.com/watch?v=LgLRTaEMRVc,https://leetcode.com/problems/construct-binary-tree-from-inorder-and-postorder-traversal/,https://www.geeksforgeeks.org/problems/tree-from-postorder-and-inorder/1,https://www.codingninjas.com/studio/problems/construct-binary-tree-from-inorder-and-postorder-traversal_1266106,https://takeuforward.org/plus/dsa/problems/construct-a-bt-from-postorder-and-inorder,,,,,1243,takeuforward roadmap
310,13,"Step 13: Binary Trees [Traversals, Medium and Hard Problems]",3,3. Hard Problems,Serialize and deserialize Binary Tree,Hard,"Binary Tree, Data Structures",Not Started,,,,https://takeuforward.org/data-structure/serialize-and-deserialize-a-binary-tree/,https://www.youtube.com/watch?v=-YbXySKJsX8,https://leetcode.com/problems/serialize-and-deserialize-binary-tree/,https://www.geeksforgeeks.org/problems/serialize-and-deserialize-a-binary-tree/1,https://www.codingninjas.com/studio/problems/serialize-and-deserialize-binary-tree_920328,https://takeuforward.org/plus/dsa/problems/serialize-and-de-serialize-bt,,,,,1252,takeuforward roadmap
311,13,"Step 13: Binary Trees [Traversals, Medium and Hard Problems]",3,3. Hard Problems,Morris Preorder Traversal of a Binary Tree,Medium,"Binary Tree, Data Structures",Not Started,,,,https://takeuforward.org/data-structure/morris-preorder-traversal-of-a-binary-tree/,https://www.youtube.com/watch?v=80Zug6D1_r4,https://leetcode.com/problems/binary-tree-inorder-traversal/,https://www.geeksforgeeks.org/problems/preorder-traversal/1,https://www.codingninjas.com/studio/problems/preorder-binary-tree_5948,https://takeuforward.org/plus/dsa/problems/morris-preorder-traversal-,,,,,1258,takeuforward roadmap
312,13,"Step 13: Binary Trees [Traversals, Medium and Hard Problems]",3,3. Hard Problems,Morris Inorder Traversal of a Binary Tree,Medium,"Binary Tree, Data Structures",Not Started,,,,https://takeuforward.org/data-structure/morris-inorder-traversal-of-a-binary-tree/,https://www.youtube.com/watch?v=80Zug6D1_r4,https://leetcode.com/problems/binary-tree-inorder-traversal/,https://www.geeksforgeeks.org/problems/inorder-traversal/1,https://www.codingninjas.com/studio/problems/inorder-traversal_3839605,https://takeuforward.org/plus/dsa/problems/morris-inorder-traversal-,,,,,1262,takeuforward roadmap
313,13,"Step 13: Binary Trees [Traversals, Medium and Hard Problems]",3,3. Hard Problems,Flatten Binary Tree to LinkedList,Hard,"Binary Tree, Linked List, Data Structures",Not Started,,,,https://takeuforward.org/data-structure/flatten-binary-tree-to-linked-list/,https://www.youtube.com/watch?v=sWf7k1x9XR4,https://leetcode.com/problems/flatten-binary-tree-to-linked-list/,https://www.geeksforgeeks.org/problems/flatten-binary-tree-to-linked-list/1,https://www.codingninjas.com/studio/problems/flatten-binary-tree-to-linked-list_1112615,,,,,,1267,takeuforward roadmap
314,14,Step 14: Binary Search Trees [Concept and Problems],1,1. Concepts,Introduction to Binary Search Tree,Easy,Binary Search Tree,Not Started,,,,https://takeuforward.org/binary-search-tree/introduction-to-binary-search-trees/,https://www.youtube.com/watch?v=p7-9UvDQZ3w,,https://www.geeksforgeeks.org/problems/binary-search-trees/1,https://www.codingninjas.com/studio/problems/binary-search-trees_8160443,,,,,,1277,takeuforward roadmap
315,14,Step 14: Binary Search Trees [Concept and Problems],1,1. Concepts,Search in a Binary Search Tree,Easy,"Binary Search Tree, Data Structures",Not Started,,,,https://takeuforward.org/data-structure/search-in-a-binary-search-tree-2/,https://www.youtube.com/watch?v=KcNt6v_56cc,https://leetcode.com/problems/search-in-a-binary-search-tree/,https://practice.geeksforgeeks.org/problems/search-a-node-in-bst/1,https://www.codingninjas.com/studio/problems/search-in-bst_1402878,https://takeuforward.org/plus/dsa/problems/search-in-bst,,,,,1279,takeuforward roadmap
316,14,Step 14: Binary Search Trees [Concept and Problems],1,1. Concepts,Find Min/Max in BST,Medium,"Binary Search Tree, Data Structures",Not Started,,,,,,,https://practice.geeksforgeeks.org/problems/minimum-element-in-bst/1,https://www.codingninjas.com/studio/problems/minimum-element-in-bst_8160462,,,,,,,takeuforward roadmap
317,14,Step 14: Binary Search Trees [Concept and Problems],2,2. Practice Problems,Ceil in a Binary Search Tree,Easy,"Binary Search Tree, Data Structures",Not Started,,,,https://takeuforward.org/binary-search-tree/ceil-in-a-binary-search-tree/,https://www.youtube.com/watch?v=KSsk8AhdOZA,,https://practice.geeksforgeeks.org/problems/implementing-ceil-in-bst/1,https://www.codingninjas.com/studio/problems/ceil-from-bst_920464,https://takeuforward.org/plus/dsa/problems/floor-and-ceil-in-a-bst,,,,,1287,takeuforward roadmap
318,14,Step 14: Binary Search Trees [Concept and Problems],2,2. Practice Problems,Floor in a Binary Search Tree,Easy,"Binary Search Tree, Data Structures",Not Started,,,,https://takeuforward.org/binary-search-tree/floor-in-a-binary-search-tree/,https://www.youtube.com/watch?v=xm_W1ub-K-w,,https://www.geeksforgeeks.org/problems/floor-in-bst/1,https://www.codingninjas.com/codestudio/problems/floor-from-bst_625868,https://takeuforward.org/plus/dsa/problems/floor-and-ceil-in-a-bst,,,,,1291,takeuforward roadmap
319,14,Step 14: Binary Search Trees [Concept and Problems],2,2. Practice Problems,Insert a given Node in Binary Search Tree,Easy,"Binary Search Tree, Data Structures",Not Started,,,,,https://www.youtube.com/watch?v=FiFiNvM29ps,https://leetcode.com/problems/insert-into-a-binary-search-tree/,https://practice.geeksforgeeks.org/problems/insert-a-node-in-a-bst/1,https://www.codingninjas.com/studio/problems/insert-into-a-binary-search-tree_1279913,https://takeuforward.org/plus/dsa/problems/insert-a-given-node-in-bst,,,,,1295,takeuforward roadmap
320,14,Step 14: Binary Search Trees [Concept and Problems],2,2. Practice Problems,Delete a Node in Binary Search Tree,Medium,"Binary Search Tree, Data Structures",Not Started,,,,,https://www.youtube.com/watch?v=kouxiP_H5WE,https://leetcode.com/problems/delete-node-in-a-bst/,https://practice.geeksforgeeks.org/problems/delete-a-node-from-bst/1,https://www.codingninjas.com/studio/problems/delete-node-in-bst_920381,https://takeuforward.org/plus/dsa/problems/delete-a-node-in-bst,,,,,1299,takeuforward roadmap
321,14,Step 14: Binary Search Trees [Concept and Problems],2,2. Practice Problems,Find K-th smallest/largest element in BST,Medium,"Binary Search Tree, Data Structures",Not Started,,,,https://takeuforward.org/data-structure/kth-largest-smallest-element-in-binary-search-tree/,https://www.youtube.com/watch?v=9TJYWh0adfk,https://leetcode.com/problems/kth-smallest-element-in-a-bst/,https://practice.geeksforgeeks.org/problems/find-k-th-smallest-element-in-bst/1,https://www.codingninjas.com/studio/problems/kth-smallest-node-in-bst_920441,https://takeuforward.org/plus/dsa/problems/kth-smallest-and-largest-element-in-bst,,,,,,takeuforward roadmap
322,14,Step 14: Binary Search Trees [Concept and Problems],2,2. Practice Problems,Check if a tree is a BST or BT,Medium,"Binary Tree, Data Structures",Not Started,,,,,https://www.youtube.com/watch?v=f-sj7I5oXEI,https://leetcode.com/problems/validate-binary-search-tree/,https://www.geeksforgeeks.org/problems/check-for-bst/1,https://www.codingninjas.com/studio/problems/check-bst_5975,https://takeuforward.org/plus/dsa/problems/check-if-a-tree-is-a-bst-or-not,,,,,,takeuforward roadmap
323,14,Step 14: Binary Search Trees [Concept and Problems],2,2. Practice Problems,LCA in Binary Search Tree,Medium,"Binary Search Tree, Data Structures",Not Started,,,,,https://www.youtube.com/watch?v=cX_kPV_foZc,https://leetcode.com/problems/lowest-common-ancestor-of-a-binary-search-tree/,https://practice.geeksforgeeks.org/problems/lowest-common-ancestor-in-a-bst/1,,https://takeuforward.org/plus/dsa/problems/lca-in-bst,,,,,1287,takeuforward roadmap
324,14,Step 14: Binary Search Trees [Concept and Problems],2,2. Practice Problems,Construct a BST from a preorder traversal,Medium,"Binary Search Tree, Data Structures",Not Started,,,,,https://www.youtube.com/watch?v=UmJT3j26t1I,https://leetcode.com/problems/construct-binary-search-tree-from-preorder-traversal/,https://practice.geeksforgeeks.org/problems/preorder-to-postorder4423/1,https://www.codingninjas.com/studio/problems/construct-bst-from-preorder-traversal_2689307,https://takeuforward.org/plus/dsa/problems/construct-a-bst-from-a-preorder-traversal,,,,,1321,takeuforward roadmap
325,14,Step 14: Binary Search Trees [Concept and Problems],2,2. Practice Problems,Inorder Successor/Predecessor in BST,Medium,"Binary Search Tree, Data Structures",Not Started,,,,,https://www.youtube.com/watch?v=SXKAD2svfmI,https://leetcode.com/problems/inorder-successor-in-bst/,https://practice.geeksforgeeks.org/problems/predecessor-and-successor/1,https://www.codingninjas.com/studio/problems/predecessor-and-successor-in-bst_893049,https://takeuforward.org/plus/dsa/problems/inorder-successor-and-predecessor-in-bst,,,,,1328,takeuforward roadmap
326,14,Step 14: Binary Search Trees [Concept and Problems],2,2. Practice Problems,Merge 2 BST's,Hard,"Binary Search Tree, Hashing, Data Structures",Not Started,,,,,https://www.youtube.com/watch?v=D2jMcmxU4bs,https://leetcode.com/problems/binary-search-tree-iterator/,https://practice.geeksforgeeks.org/problems/merge-two-bst-s/1,https://www.codingninjas.com/studio/problems/merge-two-bsts_920474,https://takeuforward.org/plus/dsa/problems/bst-iterator,,,,,1336,takeuforward roadmap
327,14,Step 14: Binary Search Trees [Concept and Problems],2,2. Practice Problems,Two Sum In BST | Check if there exists a pair with Sum K,Medium,"Two Pointer, Binary Search Tree, Data Structures",Not Started,,,,,https://www.youtube.com/watch?v=ssL3sHwPeb4,https://leetcode.com/problems/two-sum-iv-input-is-a-bst/,https://practice.geeksforgeeks.org/problems/find-a-pair-with-given-target-in-bst/1,https://www.codingninjas.com/studio/problems/pair-sum-in-bst._920493,https://takeuforward.org/plus/dsa/problems/two-sum-in-bst,,,,,1341,takeuforward roadmap
328,14,Step 14: Binary Search Trees [Concept and Problems],2,2. Practice Problems,Recover BST | Correct BST with two nodes swapped,Hard,"Binary Search Tree, Data Structures",Not Started,,,,,https://www.youtube.com/watch?v=ZWGW7FminDM,https://leetcode.com/problems/recover-binary-search-tree/,https://www.geeksforgeeks.org/problems/fixed-two-nodes-of-a-bst/1,https://www.codingninjas.com/studio/problems/fix-bst_873137,https://takeuforward.org/plus/dsa/problems/correct-bst-with-two-nodes-swapped,,,,,,takeuforward roadmap
329,14,Step 14: Binary Search Trees [Concept and Problems],2,2. Practice Problems,Largest BST in Binary Tree,Hard,"Binary Search Tree, Binary Tree, Data Structures",Not Started,,,,,https://www.youtube.com/watch?v=X0oXMdtUDwo,,https://practice.geeksforgeeks.org/problems/largest-bst/1,https://www.codingninjas.com/studio/problems/size-of-largest-bst-in-binary-tree_893103,https://takeuforward.org/plus/dsa/problems/largest-bst-in-binary-tree,,,,,1353,takeuforward roadmap
330,15,Step 15: Graphs [Concepts & Problems],1,1. Learning,Graph and Types,Easy,"Graph, Data Structures",Not Started,,,,https://takeuforward.org/graph/introduction-to-graph/,https://www.youtube.com/watch?v=M3_pLsDdeuU,,https://www.geeksforgeeks.org/problems/graph-and-vertices/1,https://www.codingninjas.com/studio/problems/counting-graphs_8357237,,,,,,,takeuforward roadmap
331,15,Step 15: Graphs [Concepts & Problems],1,1. Learning,Graph Representation | C++,Easy,"Graph, Data Structures",Not Started,,,,https://takeuforward.org/graph/graph-representation-in-c/,https://www.youtube.com/watch?v=3oI-34aPMWM,,https://www.geeksforgeeks.org/problems/print-adjacency-list-1587115620/1,https://www.codingninjas.com/studio/problems/creating-and-printing_1214551,,,,,,1368,takeuforward roadmap
332,15,Step 15: Graphs [Concepts & Problems],1,1. Learning,Graph Representation | Java,Easy,"Graph, Data Structures",Not Started,,,,,https://www.youtube.com/watch?v=3oI-34aPMWM,,https://www.geeksforgeeks.org/problems/print-adjacency-list-1587115620/1,https://www.codingninjas.com/studio/problems/creating-and-printing_1214551,,,,,,1368,takeuforward roadmap
333,15,Step 15: Graphs [Concepts & Problems],1,1. Learning,Connected Components | Logic Explanation,Hard,"Graph, Data Structures",Not Started,,,,https://takeuforward.org/graph/connected-components-in-graphs/,https://www.youtube.com/watch?v=lea-Wl_uWXY,https://leetcode.com/problems/number-of-connected-components-in-an-undirected-graph/,https://www.geeksforgeeks.org/problems/number-of-provinces/1,https://www.codingninjas.com/studio/problems/find-the-number-of-states_1377943,https://takeuforward.org/plus/dsa/problems/connected-components,,,,,,takeuforward roadmap
334,15,Step 15: Graphs [Concepts & Problems],1,1. Learning,BFS,Medium,"Arrays, Graph, Data Structures",Not Started,,,,https://takeuforward.org/graph/breadth-first-search-bfs-level-order-traversal/,https://www.youtube.com/watch?v=-tgVpUgsQ5k,,https://practice.geeksforgeeks.org/problems/bfs-traversal-of-graph/1,https://www.codingninjas.com/studio/problems/bfs-in-graph_973002,https://takeuforward.org/plus/dsa/problems/traversal-techniques,https://practice.geeksforgeeks.org/problems/bfs-traversal-of-graph/1,GeeksForGeeks,,,,takeuforward roadmap
335,15,Step 15: Graphs [Concepts & Problems],1,1. Learning,DFS,Hard,"Graph, Data Structures",Not Started,,,,https://takeuforward.org/data-structure/depth-first-search-dfs/,https://www.youtube.com/watch?v=Qzf1a--rhp8,,https://practice.geeksforgeeks.org/problems/depth-first-traversal-for-a-graph/1,https://www.codingninjas.com/studio/problems/dfs-traversal_630462,https://takeuforward.org/plus/dsa/problems/traversal-techniques,https://practice.geeksforgeeks.org/problems/depth-first-traversal-for-a-graph/1,GeeksForGeeks,,,,takeuforward roadmap
336,15,Step 15: Graphs [Concepts & Problems],2,2. Problems on BFS/DFS,Number of provinces (leetcode),Medium,"Graph, Data Structures",Not Started,,,,https://takeuforward.org/data-structure/number-of-provinces/,https://www.youtube.com/watch?v=ACzkVtewUYA,https://leetcode.com/problems/number-of-provinces/,https://practice.geeksforgeeks.org/problems/number-of-provinces/1,https://www.codingninjas.com/studio/problems/find-the-number-of-states_1377943,https://takeuforward.org/plus/dsa/problems/number-of-provinces,,,,,1387,takeuforward roadmap
337,15,Step 15: Graphs [Concepts & Problems],2,2. Problems on BFS/DFS,Connected Components Problem in Matrix,Hard,"Graph, Data Structures",Not Started,,,,,,,https://www.geeksforgeeks.org/problems/number-of-provinces/1,https://www.codingninjas.com/studio/problems/find-the-number-of-states_1377943,,,,,,1390,takeuforward roadmap
338,15,Step 15: Graphs [Concepts & Problems],2,2. Problems on BFS/DFS,Rotten Oranges,Medium,"Stack, Graph, Data Structures",Not Started,,,,https://takeuforward.org/data-structure/rotten-oranges-min-time-to-rot-all-oranges-bfs/,https://www.youtube.com/watch?v=yf3oUhkvqA0,https://leetcode.com/problems/rotting-oranges/,https://www.geeksforgeeks.org/problems/rotten-oranges2536/1,https://www.codingninjas.com/studio/problems/rotting-oranges_701655,https://takeuforward.org/plus/dsa/problems/rotten-oranges,,,,,1393,takeuforward roadmap
339,15,Step 15: Graphs [Concepts & Problems],2,2. Problems on BFS/DFS,Flood fill,Hard,"Graph, Data Structures",Not Started,,,,https://takeuforward.org/graph/flood-fill-algorithm-graphs/,https://www.youtube.com/watch?v=C-2_uSRli8o,https://leetcode.com/problems/flood-fill/,https://practice.geeksforgeeks.org/problems/flood-fill-algorithm1856/1,https://www.codingninjas.com/studio/problems/flood-fill-_1082141,https://takeuforward.org/plus/dsa/problems/flood-fill-algorithm,,,,,1398,takeuforward roadmap
340,15,Step 15: Graphs [Concepts & Problems],2,2. Problems on BFS/DFS,Cycle Detection in unirected Graph (bfs),Hard,"Graph, Data Structures",Not Started,,,,https://takeuforward.org/data-structure/detect-cycle-in-an-undirected-graph-using-bfs/,https://www.youtube.com/watch?v=BPlrALf1LDU,,https://practice.geeksforgeeks.org/problems/detect-cycle-in-an-undirected-graph/1,https://www.codingninjas.com/studio/problems/detect-cycle-in-an-undirected-graph-_758967,https://takeuforward.org/plus/dsa/problems/detect-a-cycle-in-an-undirected-graph,,,,,,takeuforward roadmap
341,15,Step 15: Graphs [Concepts & Problems],2,2. Problems on BFS/DFS,Cycle Detection in undirected Graph (dfs),Hard,"Data Structures, Graph",Not Started,,,,https://takeuforward.org/data-structure/detect-cycle-in-an-undirected-graph-using-dfs/,https://www.youtube.com/watch?v=zQ3zgFypzX4,,https://practice.geeksforgeeks.org/problems/detect-cycle-in-an-undirected-graph/1,https://www.codingninjas.com/studio/problems/detect-cycle-in-an-undirected-graph-_758967,https://takeuforward.org/plus/dsa/problems/detect-a-cycle-in-an-undirected-graph,,,,,1402,takeuforward roadmap
342,15,Step 15: Graphs [Concepts & Problems],2,2. Problems on BFS/DFS,0/1 Matrix (Bfs Problem),Medium,"Arrays, Graph, Data Structures",Not Started,,,,https://takeuforward.org/graph/distance-of-nearest-cell-having-1/,https://www.youtube.com/watch?v=edXdVwkYHF8,https://leetcode.com/problems/01-matrix/,https://practice.geeksforgeeks.org/problems/distance-of-nearest-cell-having-1-1587115620/1,https://www.codingninjas.com/studio/problems/distance-of-nearest-cell-having-1-in-a-binary-matrix_1169913,https://takeuforward.org/plus/dsa/problems/distance-of-nearest-cell-having-one,,,,,,takeuforward roadmap
343,15,Step 15: Graphs [Concepts & Problems],2,2. Problems on BFS/DFS,Surrounded Regions (dfs),Hard,"Graph, Data Structures",Not Started,,,,https://takeuforward.org/graph/surrounded-regions-replace-os-with-xs/,https://www.youtube.com/watch?v=BtdgAys4yMk,https://leetcode.com/problems/surrounded-regions/,https://www.geeksforgeeks.org/problems/replace-os-with-xs0052/1,https://www.codingninjas.com/studio/problems/replace-%E2%80%98o%E2%80%99-with-%E2%80%98x%E2%80%99_630517,https://takeuforward.org/plus/dsa/problems/surrounded-regions,,,,,1412,takeuforward roadmap
344,15,Step 15: Graphs [Concepts & Problems],2,2. Problems on BFS/DFS,Number of Enclaves [flood fill implementation - multisource],Hard,"Graph, Data Structures",Not Started,,,,https://takeuforward.org/graph/number-of-enclaves/,https://www.youtube.com/watch?v=rxKcepXQgU4,https://leetcode.com/problems/number-of-enclaves/,https://practice.geeksforgeeks.org/problems/number-of-enclaves/1,https://www.codingninjas.com/studio/problems/matrix-traps_8365440,https://takeuforward.org/plus/dsa/problems/number-of-enclaves,,,,,1416,takeuforward roadmap
345,15,Step 15: Graphs [Concepts & Problems],2,2. Problems on BFS/DFS,Word ladder - 1,Hard,"Hashing, Data Structures, String",Not Started,,,,https://takeuforward.org/graph/word-ladder-i-g-29/,https://www.youtube.com/watch?v=tRPda0rcf8E,https://leetcode.com/problems/word-ladder/,https://practice.geeksforgeeks.org/problems/word-ladder/1,https://www.codingninjas.com/studio/problems/word-ladder_1102319,https://takeuforward.org/plus/dsa/problems/word-ladder-i,,,,,1421,takeuforward roadmap
346,15,Step 15: Graphs [Concepts & Problems],2,2. Problems on BFS/DFS,Word ladder - 2,Hard,"Hashing, String, Data Structures",Not Started,,,,https://takeuforward.org/graph/g-30-word-ladder-ii/,https://www.youtube.com/watch?v=tRPda0rcf8E,https://leetcode.com/problems/word-ladder-ii/,https://practice.geeksforgeeks.org/problems/word-ladder-ii/1,https://www.codingninjas.com/codestudio/problems/shortest-transition-paths_8391015,https://takeuforward.org/plus/dsa/problems/word-ladder-ii,,,,,1421,takeuforward roadmap
347,15,Step 15: Graphs [Concepts & Problems],2,2. Problems on BFS/DFS,Number of Distinct Islands [dfs multisource],Hard,"Graph, Data Structures",Not Started,,,,https://takeuforward.org/data-structure/number-of-islands/,https://www.youtube.com/watch?v=muncqlKJrH0,https://leetcode.com/problems/number-of-distinct-islands-ii/,https://practice.geeksforgeeks.org/problems/number-of-distinct-islands/1,https://www.codingninjas.com/studio/problems/distinct-islands_630460,https://takeuforward.org/plus/dsa/problems/number-of-distinct-islands,,,,,1431,takeuforward roadmap
348,15,Step 15: Graphs [Concepts & Problems],2,2. Problems on BFS/DFS,Bipartite Graph (DFS),Medium,"Arrays, Graph, Data Structures",Not Started,,,,https://takeuforward.org/graph/bipartite-graph-dfs-implementation/,https://www.youtube.com/watch?v=KG5YFfR0j8A,https://leetcode.com/problems/is-graph-bipartite/,https://practice.geeksforgeeks.org/problems/bipartite-graph/1,https://www.codingninjas.com/studio/problems/check-bipartite-graph-_920551,https://takeuforward.org/plus/dsa/problems/bipartite-graph,,,,,1436,takeuforward roadmap
349,15,Step 15: Graphs [Concepts & Problems],2,2. Problems on BFS/DFS,Cycle Detection in Directed Graph (DFS),Hard,"Data Structures, Graph",Not Started,,,,https://takeuforward.org/data-structure/detect-cycle-in-a-directed-graph-using-dfs-g-19/,https://www.youtube.com/watch?v=9twcmtQj4DU,https://leetcode.com/problems/course-schedule-ii/discuss/293048/detecting-cycle-in-directed-graph-problem,https://practice.geeksforgeeks.org/problems/detect-cycle-in-a-directed-graph/1,https://www.codingninjas.com/studio/problems/detect-cycle-in-a-directed-graph-_920545,https://takeuforward.org/plus/dsa/problems/detect-a-cycle-in-a-directed-graph,,,,,,takeuforward roadmap
350,15,Step 15: Graphs [Concepts & Problems],3,3. Topo Sort and Problems,Topo Sort,Hard,"Graph, Data Structures",Not Started,,,,https://takeuforward.org/data-structure/topological-sort-algorithm-dfs-g-21/,https://www.youtube.com/watch?v=5lZ0iJMrUMk,,https://practice.geeksforgeeks.org/problems/topological-sort/1,https://www.codingninjas.com/studio/problems/topological-sorting_973003,https://takeuforward.org/plus/dsa/problems/topological-sort-or-kahns-algorithm,,,,,,takeuforward roadmap
351,15,Step 15: Graphs [Concepts & Problems],3,3. Topo Sort and Problems,Kahn's Algorithm,Hard,"Graph, Data Structures",Not Started,,,,https://takeuforward.org/data-structure/kahns-algorithm-topological-sort-algorithm-bfs-g-22/,https://www.youtube.com/watch?v=73sneFXuTEg,,https://www.geeksforgeeks.org/problems/topological-sort/1,https://www.codingninjas.com/studio/problems/topological-sorting_973003,https://takeuforward.org/plus/dsa/problems/topological-sort-or-kahns-algorithm,,,,,1454,takeuforward roadmap
352,15,Step 15: Graphs [Concepts & Problems],3,3. Topo Sort and Problems,Cycle Detection in Directed Graph (BFS),Hard,"Data Structures, Graph",Not Started,,,,,https://www.youtube.com/watch?v=iTBaI90lpDQ,,https://practice.geeksforgeeks.org/problems/detect-cycle-in-a-directed-graph/1,https://www.codingninjas.com/studio/problems/detect-cycle-in-a-directed-graph_1062626,https://takeuforward.org/plus/dsa/problems/detect-a-cycle-in-a-directed-graph,,,,,,takeuforward roadmap
353,15,Step 15: Graphs [Concepts & Problems],3,3. Topo Sort and Problems,Course Schedule - I,Hard,"Graph, Data Structures",Not Started,,,,https://takeuforward.org/data-structure/course-schedule-i-and-ii-pre-requisite-tasks-topological-sort-g-24/,https://www.youtube.com/watch?v=WAOfKpxYHR8,https://leetcode.com/problems/course-schedule/,https://practice.geeksforgeeks.org/problems/course-schedule/1,https://www.codingninjas.com/studio/problems/course-schedule-ii_1069243,https://takeuforward.org/plus/dsa/problems/course-schedule-i,,,,,1465,takeuforward roadmap
354,15,Step 15: Graphs [Concepts & Problems],3,3. Topo Sort and Problems,Course Schedule - II,Hard,"Graph, Data Structures",Not Started,,,,https://takeuforward.org/data-structure/course-schedule-i-and-ii-pre-requisite-tasks-topological-sort-g-24/,https://www.youtube.com/watch?v=WAOfKpxYHR8,https://leetcode.com/problems/course-schedule-ii/,https://www.geeksforgeeks.org/problems/course-schedule/1,https://www.codingninjas.com/studio/problems/course-schedule-ii_1069243,https://takeuforward.org/plus/dsa/problems/course-schedule-ii,,,,,1465,takeuforward roadmap
355,15,Step 15: Graphs [Concepts & Problems],3,3. Topo Sort and Problems,Find eventual safe states,Hard,"Graph, Data Structures",Not Started,,,,https://takeuforward.org/data-structure/find-eventual-safe-states-bfs-topological-sort-g-25/,https://www.youtube.com/watch?v=2gtg3VsDGyc,https://leetcode.com/problems/find-eventual-safe-states/,https://practice.geeksforgeeks.org/problems/eventual-safe-states/1,https://www.codingninjas.com/studio/problems/safe-nodes-in-the-graph_1376703,https://takeuforward.org/plus/dsa/problems/find-eventual-safe-states,,,,,1470,takeuforward roadmap
356,15,Step 15: Graphs [Concepts & Problems],3,3. Topo Sort and Problems,Alien dictionary,Hard,"String, Data Structures",Not Started,,,,https://takeuforward.org/data-structure/alien-dictionary-topological-sort-g-26/,https://www.youtube.com/watch?v=U3N_je7tWAs,https://leetcode.com/problems/alien-dictionary/solution/,https://practice.geeksforgeeks.org/problems/alien-dictionary/1,https://www.codingninjas.com/studio/problems/alien-dictionary_630423,https://takeuforward.org/plus/dsa/problems/alient-dictionary,,,,,1476,takeuforward roadmap
357,15,Step 15: Graphs [Concepts & Problems],4,4. Shortest Path Algorithms and Problems,Shortest Path in UG with unit weights,Hard,"Graph, Data Structures",Not Started,,,,https://takeuforward.org/data-structure/shortest-path-in-undirected-graph-with-unit-distance-g-28/,https://www.youtube.com/watch?v=C4gxoTaI71U,,https://www.geeksforgeeks.org/problems/shortest-path-in-undirected-graph-having-unit-distance/1,https://www.codingninjas.com/codestudio/problems/single-source-shortest-path_8416371,https://takeuforward.org/plus/dsa/problems/shortest-path-in-undirected-graph-with-unit-weights,,,,,,takeuforward roadmap
358,15,Step 15: Graphs [Concepts & Problems],4,4. Shortest Path Algorithms and Problems,Shortest Path in DAG,Hard,"Graph, Data Structures",Not Started,,,,https://takeuforward.org/data-structure/shortest-path-in-directed-acyclic-graph-topological-sort-g-27/,https://www.youtube.com/watch?v=ZUFQfFaU-8U,,https://www.geeksforgeeks.org/problems/shortest-path-in-undirected-graph/1,https://www.codingninjas.com/codestudio/problems/shortest-path-in-dag_8381897,https://takeuforward.org/plus/dsa/problems/shortest-path-in-dag,,,,,1506,takeuforward roadmap
359,15,Step 15: Graphs [Concepts & Problems],4,4. Shortest Path Algorithms and Problems,Djisktra's Algorithm,Hard,"Graph, Data Structures",Not Started,,,,https://takeuforward.org/data-structure/dijkstras-algorithm-using-set-g-33/,https://www.youtube.com/watch?v=rp1SMw7HSO8,,https://practice.geeksforgeeks.org/problems/implementing-dijkstra-set-1-adjacency-matrix/1,https://www.codingninjas.com/studio/problems/dijkstra's-shortest-path_985358,https://takeuforward.org/plus/dsa/problems/dijkstra's-algorithm,,,,,1500,takeuforward roadmap
360,15,Step 15: Graphs [Concepts & Problems],4,4. Shortest Path Algorithms and Problems,Why priority Queue is used in Djisktra's Algorithm,Medium,"Graph, Data Structures",Not Started,,,,https://takeuforward.org/data-structure/dijkstras-algorithm-using-priority-queue-g-32/,https://www.youtube.com/watch?v=rp1SMw7HSO8,,https://www.geeksforgeeks.org/problems/implementing-dijkstra-set-1-adjacency-matrix/1,https://www.codingninjas.com/studio/problems/dijkstra's-shortest-path_985358,https://takeuforward.org/plus/dsa/problems/dijkstra's-algorithm,,,,,,takeuforward roadmap
361,15,Step 15: Graphs [Concepts & Problems],4,4. Shortest Path Algorithms and Problems,Shortest path in a binary maze,Medium,"Arrays, Graph, Data Structures",Not Started,,,,https://takeuforward.org/data-structure/g-36-shortest-distance-in-a-binary-maze/,https://www.youtube.com/watch?v=U5Mw4eyUmw4,https://leetcode.com/problems/shortest-path-in-binary-matrix/,https://www.geeksforgeeks.org/problems/shortest-path-in-a-binary-maze-1655453161/1,https://www.codingninjas.com/studio/problems/shortest-path-in-a-binary-maze_893065,https://takeuforward.org/plus/dsa/problems/shortest-path-with-minimum-effort,,,,,1506,takeuforward roadmap
362,15,Step 15: Graphs [Concepts & Problems],4,4. Shortest Path Algorithms and Problems,Path with minimum effort,Medium,"Arrays, Binary Search, Heap, Graph, Data Structures",Not Started,,,,https://takeuforward.org/data-structure/g-37-path-with-minimum-effort/,https://www.youtube.com/watch?v=0ytpZyiZFhA,https://leetcode.com/problems/path-with-minimum-effort/,https://www.geeksforgeeks.org/problems/path-with-minimum-effort/1,https://www.codingninjas.com/studio/problems/path-with-minimum-effort_1380958,https://takeuforward.org/plus/dsa/problems/path-with-minimum-effort,,,,,1511,takeuforward roadmap
363,15,Step 15: Graphs [Concepts & Problems],4,4. Shortest Path Algorithms and Problems,Cheapest flights within k stops,Hard,"Graph, Data Structures",Not Started,,,,https://takeuforward.org/data-structure/g-38-cheapest-flights-within-k-stops/,https://www.youtube.com/watch?v=9XybHVqTHcQ,https://leetcode.com/problems/cheapest-flights-within-k-stops/,https://www.geeksforgeeks.org/problems/cheapest-flights-within-k-stops/1,https://www.codingninjas.com/studio/problems/saving-money_1171195,https://takeuforward.org/plus/dsa/problems/cheapest-flight-within-k-stops,,,,,1514,takeuforward roadmap
364,15,Step 15: Graphs [Concepts & Problems],4,4. Shortest Path Algorithms and Problems,Network Delay time,Medium,"Graph, Data Structures",Not Started,,,,,,https://leetcode.com/problems/network-delay-time/,https://www.geeksforgeeks.org/problems/alex-travelling/1,https://www.codingninjas.com/studio/problems/network-delay-time_1382215,,,,,,1517,takeuforward roadmap
365,15,Step 15: Graphs [Concepts & Problems],4,4. Shortest Path Algorithms and Problems,Number of ways to arrive at destination,Medium,"Graph, Data Structures",Not Started,,,,https://takeuforward.org/data-structure/g-40-number-of-ways-to-arrive-at-destination/,https://www.youtube.com/watch?v=_-0mx0SmYxA,https://leetcode.com/problems/number-of-ways-to-arrive-at-destination/,https://practice.geeksforgeeks.org/problems/number-of-ways-to-arrive-at-destination/1,https://www.codingninjas.com/studio/problems/number-of-ways_8360639,https://takeuforward.org/plus/dsa/problems/number-of-ways-to-arrive-at-destination,,,,,1520,takeuforward roadmap
366,15,Step 15: Graphs [Concepts & Problems],4,4. Shortest Path Algorithms and Problems,Minimum steps to reach end from start by performing multiplication and mod operations with array elements,Hard,"Graph, Data Structures",Not Started,,,,https://takeuforward.org/graph/g-39-minimum-multiplications-to-reach-end/,https://www.youtube.com/watch?v=_BvEJ3VIDWw,,https://www.geeksforgeeks.org/problems/minimum-multiplications-to-reach-end/1,https://www.codingninjas.com/studio/problems/minimum-operations_8360665,https://takeuforward.org/plus/dsa/problems/minimum-multiplications-to-reach-end,,,,,,takeuforward roadmap
367,15,Step 15: Graphs [Concepts & Problems],4,4. Shortest Path Algorithms and Problems,Bellman Ford Algorithm,Hard,"Graph, Data Structures",Not Started,,,,https://takeuforward.org/data-structure/bellman-ford-algorithm-g-41/,https://www.youtube.com/watch?v=0vVofAhAYjc,,https://practice.geeksforgeeks.org/problems/distance-from-the-source-bellman-ford-algorithm/1,https://www.codingninjas.com/studio/problems/bellman-ford_2041977,https://takeuforward.org/plus/dsa/problems/bellman-ford-algorithm,,,,,1527,takeuforward roadmap
368,15,Step 15: Graphs [Concepts & Problems],4,4. Shortest Path Algorithms and Problems,Floyd Warshal Algorithm,Hard,"Graph, Data Structures",Not Started,,,,https://takeuforward.org/data-structure/floyd-warshall-algorithm-g-42/,https://www.youtube.com/watch?v=YbY8cVwWAvw,,https://practice.geeksforgeeks.org/problems/implementing-floyd-warshall2042/1,https://www.codingninjas.com/studio/problems/floyd-warshall_2041979,https://takeuforward.org/plus/dsa/problems/floyd-warshall-algorithm,,,,,1530,takeuforward roadmap
369,15,Step 15: Graphs [Concepts & Problems],4,4. Shortest Path Algorithms and Problems,Find the city with the smallest number of neighbors in a threshold distance,Hard,"Graph, Data Structures",Not Started,,,,https://takeuforward.org/data-structure/find-the-city-with-the-smallest-number-of-neighbours-at-a-threshold-distance-g-43/,https://www.youtube.com/watch?v=9XybHVqTHcQ,https://leetcode.com/problems/find-the-city-with-the-smallest-number-of-neighbors-at-a-threshold-distance/,https://practice.geeksforgeeks.org/problems/city-with-the-smallest-number-of-neighbors-at-a-threshold-distance/0/,https://www.codingninjas.com/studio/problems/find-the-city-with-the-smallest-number-of-neighbors-at-a-threshold-distance_1264289,https://takeuforward.org/plus/dsa/problems/find-the-city-with-the-smallest-number-of-neighbors,,,,,1533,takeuforward roadmap
370,15,Step 15: Graphs [Concepts & Problems],5,5. MinimumSpanningTree/Disjoint Set and Problems,Minimum Spanning Tree,Hard,"Graph, Data Structures",Not Started,,,,https://takeuforward.org/data-structure/minimum-spanning-tree-theory-g-44/,https://www.youtube.com/watch?v=ZSPjZuZWCME,,https://practice.geeksforgeeks.org/problems/minimum-spanning-tree/1,https://www.codingninjas.com/studio/problems/minimum-spanning-tree_631769,https://takeuforward.org/plus/dsa/problems/mst-theory,,,,,1540,takeuforward roadmap
371,15,Step 15: Graphs [Concepts & Problems],5,5. MinimumSpanningTree/Disjoint Set and Problems,Prim's Algorithm,Hard,"Graph, Data Structures",Not Started,,,,https://takeuforward.org/data-structure/prims-algorithm-minimum-spanning-tree-c-and-java-g-45/,https://www.youtube.com/watch?v=mJcZjjKzeqk,,https://practice.geeksforgeeks.org/problems/minimum-spanning-tree/1,https://www.codingninjas.com/studio/problems/minimum-spanning-tree_631769,https://takeuforward.org/plus/dsa/problems/find-the-mst-weight,,,,,1540,takeuforward roadmap
372,15,Step 15: Graphs [Concepts & Problems],5,5. MinimumSpanningTree/Disjoint Set and Problems,Disjoint Set [Union by Rank],Hard,"Graph, Data Structures",Not Started,,,,https://takeuforward.org/data-structure/disjoint-set-union-by-rank-union-by-size-path-compression-g-46/,https://www.youtube.com/watch?v=aBxjDBC4M1U,,https://www.geeksforgeeks.org/problems/disjoint-set-union-find/1,https://www.codingninjas.com/studio/problems/data-stream-as-disjoint-intervals_1382362,https://takeuforward.org/plus/dsa/problems/disjoint-set-,,,,,1544,takeuforward roadmap
373,15,Step 15: Graphs [Concepts & Problems],5,5. MinimumSpanningTree/Disjoint Set and Problems,Disjoint Set [Union by Size],Hard,"Graph, Data Structures",Not Started,,,,https://takeuforward.org/data-structure/disjoint-set-union-by-rank-union-by-size-path-compression-g-46/,https://www.youtube.com/watch?v=aBxjDBC4M1U,,https://www.geeksforgeeks.org/problems/disjoint-set-union-find/1,https://www.codingninjas.com/studio/problems/data-stream-as-disjoint-intervals_1382362,https://takeuforward.org/plus/dsa/problems/disjoint-set-,,,,,1544,takeuforward roadmap
374,15,Step 15: Graphs [Concepts & Problems],5,5. MinimumSpanningTree/Disjoint Set and Problems,Kruskal's Algorithm,Hard,"Graph, Data Structures",Not Started,,,,https://takeuforward.org/data-structure/kruskals-algorithm-minimum-spanning-tree-g-47/,https://www.youtube.com/watch?v=DMnDM_sxVig,,https://practice.geeksforgeeks.org/problems/minimum-spanning-tree/1,https://www.codingninjas.com/studio/problems/kruskal%E2%80%99s-minimum-spanning-tree-algorithm_1082553,https://takeuforward.org/plus/dsa/problems/find-the-mst-weight,,,,,1554,takeuforward roadmap
375,15,Step 15: Graphs [Concepts & Problems],5,5. MinimumSpanningTree/Disjoint Set and Problems,Number of operations to make network connected,Medium,"Graph, Data Structures",Not Started,,,,https://takeuforward.org/data-structure/number-of-operations-to-make-network-connected-dsu-g-49/,https://www.youtube.com/watch?v=FYrl7iz9_ZU,https://leetcode.com/problems/number-of-operations-to-make-network-connected/,https://www.geeksforgeeks.org/problems/connecting-the-graph/1,https://www.codingninjas.com/studio/problems/number-of-operations-to-make-graph-connected._1385179,https://takeuforward.org/plus/dsa/problems/number-of-operations-to-make-network-connected,,,,,1559,takeuforward roadmap
376,15,Step 15: Graphs [Concepts & Problems],5,5. MinimumSpanningTree/Disjoint Set and Problems,Most stones removed with same rows or columns,Medium,"Arrays, Data Structures, Graph",Not Started,,,,https://takeuforward.org/data-structure/most-stones-removed-with-same-row-or-column-dsu-g-53/,https://www.youtube.com/watch?v=OwMNX8SPavM,https://leetcode.com/problems/most-stones-removed-with-same-row-or-column/,https://www.geeksforgeeks.org/problems/maximum-stone-removal-1662179442/1,https://www.codingninjas.com/studio/problems/-most-stones-removed-with-same-row-or-column_1376597,https://takeuforward.org/plus/dsa/problems/most-stones-removed-with-same-row-or-column,,,,,1564,takeuforward roadmap
377,15,Step 15: Graphs [Concepts & Problems],5,5. MinimumSpanningTree/Disjoint Set and Problems,Accounts merge,Hard,"Graph, Data Structures",Not Started,,,,https://takeuforward.org/data-structure/accounts-merge-dsu-g-50/,https://www.youtube.com/watch?v=FMwpt_aQOGw,https://leetcode.com/problems/accounts-merge/,https://practice.geeksforgeeks.org/problems/merging-details/1,https://www.codingninjas.com/studio/problems/accounts-merge_1089558,https://takeuforward.org/plus/dsa/problems/accounts-merge,,,,,1568,takeuforward roadmap
378,15,Step 15: Graphs [Concepts & Problems],5,5. MinimumSpanningTree/Disjoint Set and Problems,Number of island II,Hard,"Graph, Data Structures",Not Started,,,,https://takeuforward.org/graph/number-of-islands-ii-online-queries-dsu-g-51/,https://www.youtube.com/watch?v=Rn6B-Q4SNyA,https://leetcode.com/problems/number-of-islands-ii/,https://www.geeksforgeeks.org/problems/find-the-number-of-islands/1,https://www.codingninjas.com/studio/problems/largest-island_840701,https://takeuforward.org/plus/dsa/problems/number-of-islands-ii,,,,,1431,takeuforward roadmap
379,15,Step 15: Graphs [Concepts & Problems],5,5. MinimumSpanningTree/Disjoint Set and Problems,Making a Large Island,Hard,"Graph, Data Structures",Not Started,,,,https://takeuforward.org/data-structure/making-a-large-island-dsu-g-52/,https://www.youtube.com/watch?v=lgiz0Oup6gM,https://leetcode.com/problems/making-a-large-island/,https://www.geeksforgeeks.org/problems/maximum-connected-group/1,https://www.codingninjas.com/studio/problems/making-the-largest-island_1381282,https://takeuforward.org/plus/dsa/problems/making-a-large-island,,,,,,takeuforward roadmap
380,15,Step 15: Graphs [Concepts & Problems],5,5. MinimumSpanningTree/Disjoint Set and Problems,Swim in rising water,Hard,"Arrays, Binary Search, Graph, Heap",Not Started,,,,,,https://leetcode.com/problems/swim-in-rising-water/,https://www.geeksforgeeks.org/problems/minimum-travel-time/1,https://www.codingninjas.com/studio/problems/minimum-time_8360128,,,,,,1582,takeuforward roadmap
381,15,Step 15: Graphs [Concepts & Problems],6,6. Other Algorithms,Bridges in Graph,Hard,"Graph, Data Structures",Not Started,,,,https://takeuforward.org/graph/bridges-in-graph-using-tarjans-algorithm-of-time-in-and-low-time-g-55/,https://www.youtube.com/watch?v=qrAub5z8FeA,https://leetcode.com/problems/critical-connections-in-a-network/discuss/382385/find-bridges-in-a-graph,https://www.geeksforgeeks.org/problems/bridge-edge-in-graph/1,https://www.codingninjas.com/studio/problems/bridges-in-a-graph_893026,https://takeuforward.org/plus/dsa/problems/bridges-in-graph,,,,,1586,takeuforward roadmap
382,15,Step 15: Graphs [Concepts & Problems],6,6. Other Algorithms,Articulation Point,Hard,"Graph, Data Structures",Not Started,,,,https://takeuforward.org/data-structure/articulation-point-in-graph-g-56/,https://www.youtube.com/watch?v=j1QDfU21iZk,,https://www.geeksforgeeks.org/problems/articulation-point-1/1,https://www.codingninjas.com/codestudio/problems/articulation-point_840708,https://takeuforward.org/plus/dsa/problems/articulation-point-in-graph,,,,,1590,takeuforward roadmap
383,15,Step 15: Graphs [Concepts & Problems],6,6. Other Algorithms,Kosaraju's Algorithm,Hard,"Graph, Data Structures",Not Started,,,,https://takeuforward.org/graph/strongly-connected-components-kosarajus-algorithm-g-54/,https://www.youtube.com/watch?v=R6uoSjZ2imo,,https://www.geeksforgeeks.org/problems/strongly-connected-components-kosarajus-algo/1,https://www.codingninjas.com/studio/problems/count-strongly-connected-components-(kosaraju%E2%80%99s-algorithm)_1171151,https://takeuforward.org/plus/dsa/problems/kosaraju's-algorithm,,,,,1595,takeuforward roadmap
384,16,Step 16: Dynamic Programming [Patterns and Problems],1,1. Introduction to DP,Dynamic Programming Introduction,Medium,Dynamic Programming,Not Started,,,,https://takeuforward.org/data-structure/dynamic-programming-introduction/,https://www.youtube.com/watch?v=tyB0ztf0DNY,,https://www.geeksforgeeks.org/problems/introduction-to-dp/1,https://www.codingninjas.com/studio/problems/nth-fibonacci-number_74156,https://takeuforward.org/plus/dsa/problems/introduction-to-dp,,,,,1602,takeuforward roadmap
385,16,Step 16: Dynamic Programming [Patterns and Problems],2,2. 1D DP,Climbing Stars,Medium,"Arrays, Dynamic Programming, Data Structures, Recursion",Not Started,,,,https://takeuforward.org/data-structure/dynamic-programming-climbing-stairs/,https://www.youtube.com/watch?v=mLfjzJsN8us,https://leetcode.com/problems/climbing-stairs/,https://practice.geeksforgeeks.org/problems/count-ways-to-reach-the-nth-stair-1587115620/1,https://www.codingninjas.com/studio/problems/count-ways-to-reach-the-n-th-stairs_798650,https://takeuforward.org/plus/dsa/problems/climbing-stairs,,,,,,takeuforward roadmap
386,16,Step 16: Dynamic Programming [Patterns and Problems],2,2. 1D DP,Frog Jump(DP-3),Medium,"Dynamic Programming, Arrays, Recursion, Data Structures",Not Started,,,,https://takeuforward.org/data-structure/dynamic-programming-frog-jump-dp-3/,https://www.youtube.com/watch?v=EgG3jsGoPvQ,,https://www.geeksforgeeks.org/problems/geek-jump/1,https://www.codingninjas.com/studio/problems/frog-jump_3621012,https://takeuforward.org/plus/dsa/problems/frog-jump,,,,,1613,takeuforward roadmap
387,16,Step 16: Dynamic Programming [Patterns and Problems],2,2. 1D DP,Frog Jump with k distances(DP-4),Medium,"Arrays, Dynamic Programming, Recursion, Data Structures",Not Started,,,,https://takeuforward.org/data-structure/dynamic-programming-frog-jump-with-k-distances-dp-4/,https://www.youtube.com/watch?v=Kmh3rhyEtB8,,https://www.geeksforgeeks.org/problems/minimal-cost/1,https://www.codingninjas.com/studio/problems/minimal-cost_8180930,https://takeuforward.org/plus/dsa/problems/frog-jump-with-k-distances,,,,,1619,takeuforward roadmap
388,16,Step 16: Dynamic Programming [Patterns and Problems],2,2. 1D DP,Maximum sum of non-adjacent elements (DP 5),Medium,"Arrays, Recursion, Data Structures, Dynamic Programming",Not Started,,,,https://takeuforward.org/data-structure/maximum-sum-of-non-adjacent-elements-dp-5/,https://www.youtube.com/watch?v=GrMBfJNk_NY,https://leetcode.com/problems/house-robber/,https://www.geeksforgeeks.org/problems/max-sum-without-adjacents2430/1,https://www.codingninjas.com/studio/problems/maximum-sum-of-non-adjacent-elements_843261,https://takeuforward.org/plus/dsa/problems/maximum-sum-of-non-adjacent-elements,,,,,1623,takeuforward roadmap
389,16,Step 16: Dynamic Programming [Patterns and Problems],2,2. 1D DP,House Robber (DP 6),Medium,"Arrays, Dynamic Programming, Recursion, Data Structures",Not Started,,,,https://takeuforward.org/data-structure/dynamic-programming-house-robber-dp-6/,https://www.youtube.com/watch?v=3WaxQMELSkw,https://leetcode.com/problems/house-robber-ii/,https://www.geeksforgeeks.org/problems/stickler-theif-1587115621/1,https://www.codingninjas.com/studio/problems/house-robber-ii_839733,https://takeuforward.org/plus/dsa/problems/house-robber,,,,,1629,takeuforward roadmap
390,16,Step 16: Dynamic Programming [Patterns and Problems],3,3. 2D/3D DP and DP on Grids,Ninja's Training (DP 7),Medium,"Arrays, Dynamic Programming, Data Structures, Recursion",Not Started,,,,https://takeuforward.org/data-structure/dynamic-programming-ninjas-training-dp-7/,https://www.youtube.com/watch?v=AE39gJYuRog,,https://www.geeksforgeeks.org/problems/geeks-training/1,https://www.codingninjas.com/studio/problems/ninja%E2%80%99s-training_3621003,https://takeuforward.org/plus/dsa/problems/ninja's-training,,,,,1632,takeuforward roadmap
391,16,Step 16: Dynamic Programming [Patterns and Problems],3,3. 2D/3D DP and DP on Grids,Grid Unique Paths : DP on Grids (DP8),Medium,"Arrays, Recursion, Dynamic Programming, Data Structures",Not Started,,,,https://takeuforward.org/data-structure/grid-unique-paths-dp-on-grids-dp8/,https://www.youtube.com/watch?v=sdE0A2Oxofw,https://leetcode.com/problems/unique-paths/,https://practice.geeksforgeeks.org/problems/number-of-unique-paths/0,https://www.codingninjas.com/studio/problems/unique-paths_1081470,https://takeuforward.org/plus/dsa/problems/grid-unique-paths,,,,,1638,takeuforward roadmap
392,16,Step 16: Dynamic Programming [Patterns and Problems],3,3. 2D/3D DP and DP on Grids,Grid Unique Paths 2 (DP 9),Medium,"Arrays, Recursion, Dynamic Programming, Data Structures",Not Started,,,,https://takeuforward.org/data-structure/grid-unique-paths-2-dp-9/,https://www.youtube.com/watch?v=TmhpgXScLyY,https://leetcode.com/problems/unique-paths-ii/,https://www.geeksforgeeks.org/problems/grid-path-2/1,https://www.codingninjas.com/studio/problems/unique-paths-ii_977241,https://takeuforward.org/plus/dsa/problems/unique-paths-ii,,,,,1644,takeuforward roadmap
393,16,Step 16: Dynamic Programming [Patterns and Problems],3,3. 2D/3D DP and DP on Grids,Minimum path sum in Grid (DP 10),Medium,"Arrays, Recursion, Dynamic Programming, Data Structures",Not Started,,,,https://takeuforward.org/data-structure/minimum-path-sum-in-a-grid-dp-10/,https://www.youtube.com/watch?v=_rgTlyky1uQ,https://leetcode.com/problems/minimum-path-sum/,https://www.geeksforgeeks.org/problems/minimum-cost-path3833/1,https://www.codingninjas.com/studio/problems/minimum-path-sum_985349,https://takeuforward.org/plus/dsa/problems/minimum-path-sum-in-grid,,,,,1652,takeuforward roadmap
394,16,Step 16: Dynamic Programming [Patterns and Problems],3,3. 2D/3D DP and DP on Grids,Minimum path sum in Triangular Grid (DP 11),Medium,"Arrays, Dynamic Programming, Data Structures, Recursion",Not Started,,,,https://takeuforward.org/data-structure/minimum-path-sum-in-triangular-grid-dp-11/,https://www.youtube.com/watch?v=SrP-PiLSYC0,https://leetcode.com/problems/triangle/,https://www.geeksforgeeks.org/problems/minimum-cost-path3833/1,https://www.codingninjas.com/studio/problems/triangle_1229398,https://takeuforward.org/plus/dsa/problems/triangle,,,,,1660,takeuforward roadmap
395,16,Step 16: Dynamic Programming [Patterns and Problems],3,3. 2D/3D DP and DP on Grids,Minimum/Maximum Falling Path Sum (DP-12),Medium,"Arrays, Recursion, Dynamic Programming, Data Structures",Not Started,,,,https://takeuforward.org/data-structure/minimum-maximum-falling-path-sum-dp-12/,https://www.youtube.com/watch?v=N_aJ5qQbYA0,https://leetcode.com/problems/minimum-falling-path-sum/,https://www.geeksforgeeks.org/problems/path-in-matrix3805/1,https://www.codingninjas.com/studio/problems/maximum-path-sum-in-the-matrix_797998,,,,,,1667,takeuforward roadmap
396,16,Step 16: Dynamic Programming [Patterns and Problems],3,3. 2D/3D DP and DP on Grids,3-d DP : Ninja and his friends (DP-13),Medium,"Arrays, Recursion, Data Structures, Dynamic Programming",Not Started,,,,https://takeuforward.org/data-structure/3-d-dp-ninja-and-his-friends-dp-13/,https://www.youtube.com/watch?v=QGfn7JeXK54,,https://www.geeksforgeeks.org/problems/chocolates-pickup/1,https://www.codingninjas.com/studio/problems/chocolate-pickup_3125885,,,,,,,takeuforward roadmap
397,16,Step 16: Dynamic Programming [Patterns and Problems],4,4. DP on Subsequences,Subset sum equal to target (DP- 14),Medium,"Arrays, Data Structures, Dynamic Programming, Recursion",Not Started,,,,https://takeuforward.org/data-structure/subset-sum-equal-to-target-dp-14/,https://www.youtube.com/watch?v=fWX9xDmIzRI,,https://practice.geeksforgeeks.org/problems/subset-sum-problem-1611555638/1,https://www.codingninjas.com/studio/problems/subset-sum-equal-to-k_1550954,https://takeuforward.org/plus/dsa/problems/subset-sum-equals-to-target,,,,,1683,takeuforward roadmap
398,16,Step 16: Dynamic Programming [Patterns and Problems],4,4. DP on Subsequences,Partition Equal Subset Sum (DP- 15),Medium,"Arrays, Dynamic Programming, Recursion, Data Structures",Not Started,,,,https://takeuforward.org/data-structure/partition-equal-subset-sum-dp-15/,https://www.youtube.com/watch?v=7win3dcgo3k,https://leetcode.com/problems/partition-equal-subset-sum/,https://practice.geeksforgeeks.org/problems/subset-sum-problem2014/1,https://www.codingninjas.com/studio/problems/partition-equal-subset-sum-_892980,https://takeuforward.org/plus/dsa/problems/partition-equal-subset-sum,,,,,1689,takeuforward roadmap
399,16,Step 16: Dynamic Programming [Patterns and Problems],4,4. DP on Subsequences,Partition Set Into 2 Subsets With Min Absolute Sum Diff (DP- 16),Medium,"Arrays, Dynamic Programming, Data Structures, Recursion",Not Started,,,,https://takeuforward.org/data-structure/partition-set-into-2-subsets-with-min-absolute-sum-diff-dp-16/,https://www.youtube.com/watch?v=GS_OqZb2CWc,https://leetcode.com/problems/partition-array-into-two-arrays-to-minimize-sum-difference/,https://practice.geeksforgeeks.org/problems/minimum-sum-partition3317/1,https://www.codingninjas.com/studio/problems/partition-a-set-into-two-subsets-such-that-the-difference-of-subset-sums-is-minimum._842494,https://takeuforward.org/plus/dsa/problems/partition-a-set-into-two-subsets-with-minimum-absolute-sum-difference,,,,,1697,takeuforward roadmap
400,16,Step 16: Dynamic Programming [Patterns and Problems],4,4. DP on Subsequences,Count Subsets with Sum K (DP - 17),Medium,"Arrays, Recursion, Data Structures, Dynamic Programming",Not Started,,,,https://takeuforward.org/data-structure/count-subsets-with-sum-k-dp-17/,https://www.youtube.com/watch?v=ZHyb-A2Mte4,,https://www.geeksforgeeks.org/problems/perfect-sum-problem5633/1,https://www.codingninjas.com/studio/problems/count-subsets-with-sum-k_3952532,https://takeuforward.org/plus/dsa/problems/count-subsets-with-sum-k,,,,,1704,takeuforward roadmap
401,16,Step 16: Dynamic Programming [Patterns and Problems],4,4. DP on Subsequences,Count Partitions with Given Difference (DP - 18),Medium,"Arrays, Recursion, Dynamic Programming, Data Structures",Not Started,,,,https://takeuforward.org/data-structure/count-partitions-with-given-difference-dp-18/,https://www.youtube.com/watch?v=zoilQD1kYSg,,https://www.geeksforgeeks.org/problems/partitions-with-given-difference/1,https://www.codingninjas.com/studio/problems/partitions-with-given-difference_3751628,https://takeuforward.org/plus/dsa/problems/count-partitions-with-given-difference,,,,,1709,takeuforward roadmap
402,16,Step 16: Dynamic Programming [Patterns and Problems],4,4. DP on Subsequences,Assign Cookies,Hard,"Arrays, Dynamic Programming, Recursion, Data Structures",Not Started,,,,,https://www.youtube.com/watch?v=DIX2p7vb9co,https://leetcode.com/problems/assign-cookies/,https://practice.geeksforgeeks.org/problems/0-1-knapsack-problem0945/1,https://www.codingninjas.com/codestudio/problems/assign-cookies_8390826,https://takeuforward.org/plus/dsa/problems/assign-cookies,,,,,,takeuforward roadmap
403,16,Step 16: Dynamic Programming [Patterns and Problems],4,4. DP on Subsequences,Minimum Coins (DP - 20),Hard,"Recursion, Arrays, Dynamic Programming, Data Structures",Not Started,,,,https://takeuforward.org/data-structure/minimum-coins-dp-20/,https://www.youtube.com/watch?v=myPeWb3Y68A,https://leetcode.com/problems/coin-change/,https://practice.geeksforgeeks.org/problems/-minimum-number-of-coins4426/1,https://www.codingninjas.com/studio/problems/minimum-elements_3843091,https://takeuforward.org/plus/dsa/problems/minimum-coins,,,,,1720,takeuforward roadmap
404,16,Step 16: Dynamic Programming [Patterns and Problems],4,4. DP on Subsequences,Target Sum (DP - 21),Medium,"Dynamic Programming, Data Structures, Arrays, Recursion",Not Started,,,,https://takeuforward.org/data-structure/target-sum-dp-21/,https://www.youtube.com/watch?v=b3GD8263-PQ,https://leetcode.com/problems/target-sum/,https://practice.geeksforgeeks.org/problems/target-sum-1626326450/1,https://www.codingninjas.com/studio/problems/target-sum_4127362,https://takeuforward.org/plus/dsa/problems/target-sum,,,,,1727,takeuforward roadmap
405,16,Step 16: Dynamic Programming [Patterns and Problems],4,4. DP on Subsequences,Coin Change 2 (DP - 22),Hard,"Arrays, Dynamic Programming, Data Structures, Recursion",Not Started,,,,https://takeuforward.org/data-structure/coin-change-2-dp-22/,https://www.youtube.com/watch?v=HgyouUi11zk,https://leetcode.com/problems/coin-change-2/,https://www.geeksforgeeks.org/problems/coin-change2448/1,https://www.codingninjas.com/studio/problems/ways-to-make-coin-change_630471,https://takeuforward.org/plus/dsa/problems/coin-change-ii,,,,,1735,takeuforward roadmap
406,16,Step 16: Dynamic Programming [Patterns and Problems],4,4. DP on Subsequences,Unbounded Knapsack (DP - 23),Hard,"Arrays, Data Structures, Dynamic Programming, Recursion",Not Started,,,,https://takeuforward.org/data-structure/unbounded-knapsack-dp-23/,https://www.youtube.com/watch?v=OgvOZ6OrJoY,,https://www.geeksforgeeks.org/problems/knapsack-with-duplicate-items4201/1,https://www.codingninjas.com/studio/problems/unbounded-knapsack_1215029,https://takeuforward.org/plus/dsa/problems/unbounded-knapsack,,,,,1741,takeuforward roadmap
407,16,Step 16: Dynamic Programming [Patterns and Problems],4,4. DP on Subsequences,Rod Cutting Problem | (DP - 24),Hard,"Arrays, Dynamic Programming, Data Structures, Recursion",Not Started,,,,https://takeuforward.org/data-structure/rod-cutting-problem-dp-24/,https://www.youtube.com/watch?v=mO8XpGoJwuo,,https://practice.geeksforgeeks.org/problems/rod-cutting0840/1,https://www.codingninjas.com/studio/problems/rod-cutting-problem_800284,https://takeuforward.org/plus/dsa/problems/rod-cutting-problem,,,,,1749,takeuforward roadmap
408,16,Step 16: Dynamic Programming [Patterns and Problems],4,DP on Subsequences,0/1 Knapsack (DP - 19),Medium,Dynamic Programming,Not Started,,,,,,,https://www.geeksforgeeks.org/problems/0-1-knapsack-problem0945/1,,,,,,,,added from a2zdsa.pages.dev (absent from roadmap)
409,16,Step 16: Dynamic Programming [Patterns and Problems],5,5. DP on Strings,Longest Common Subsequence | (DP - 25),Hard,"Dynamic Programming, Arrays, Recursion, Data Structures",Not Started,,,,https://takeuforward.org/data-structure/longest-common-subsequence-dp-25/,https://www.youtube.com/watch?v=NPZn9jBrX8U,https://leetcode.com/problems/longest-common-subsequence/,https://practice.geeksforgeeks.org/problems/longest-common-subsequence-1587115620/1,https://www.codingninjas.com/studio/problems/longest-common-subsequence_624879,,,,,,1756,takeuforward roadmap
410,16,Step 16: Dynamic Programming [Patterns and Problems],5,5. DP on Strings,Print Longest Common Subsequence | (DP - 26),Hard,"Arrays, Data Structures, Dynamic Programming, Recursion",Not Started,,,,https://takeuforward.org/data-structure/print-longest-common-subsequence-dp-26/,https://www.youtube.com/watch?v=-zI4mrF2Pb4,,https://www.geeksforgeeks.org/problems/print-all-lcs-sequences3413/1,https://www.codingninjas.com/codestudio/problems/print-longest-common-subsequence_8416383,,,,,,1763,takeuforward roadmap
411,16,Step 16: Dynamic Programming [Patterns and Problems],5,5. DP on Strings,Longest Common Substring | (DP - 27),Hard,"Arrays, Dynamic Programming, Recursion, Data Structures",Not Started,,,,https://takeuforward.org/data-structure/longest-common-substring-dp-27/,https://www.youtube.com/watch?v=_wP9mWNPL5w,,https://practice.geeksforgeeks.org/problems/longest-common-substring1452/1,https://www.codingninjas.com/studio/problems/longest-common-substring_1235207,https://takeuforward.org/plus/dsa/problems/longest-common-substring,,,,,1767,takeuforward roadmap
412,16,Step 16: Dynamic Programming [Patterns and Problems],5,5. DP on Strings,Longest Palindromic Subsequence | (DP-28),Hard,"Arrays, Recursion, Dynamic Programming, Data Structures",Not Started,,,,https://takeuforward.org/data-structure/longest-palindromic-subsequence-dp-28/,https://www.youtube.com/watch?v=6i_T5kkfv4A,https://leetcode.com/problems/longest-palindromic-subsequence/,https://practice.geeksforgeeks.org/problems/longest-palindromic-subsequence-1612327878/1,https://www.codingninjas.com/studio/problems/longest-palindromic-subsequence_842787,https://takeuforward.org/plus/dsa/problems/longest-palindromic-subsequence,,,,,1772,takeuforward roadmap
413,16,Step 16: Dynamic Programming [Patterns and Problems],5,5. DP on Strings,Minimum insertions to make string palindrome | DP-29,Hard,"Arrays, Recursion, Dynamic Programming, Data Structures",Not Started,,,,https://takeuforward.org/data-structure/minimum-insertions-to-make-string-palindrome-dp-29/,https://www.youtube.com/watch?v=xPBLEj41rFU,https://leetcode.com/problems/minimum-insertion-steps-to-make-a-string-palindrome/,https://practice.geeksforgeeks.org/problems/form-a-palindrome1455/1,https://www.codingninjas.com/studio/problems/minimum-insertions-to-make-a-string-palindrome_985293,https://takeuforward.org/plus/dsa/problems/minimum-insertions-to-make-string-palindrome,,,,,1776,takeuforward roadmap
414,16,Step 16: Dynamic Programming [Patterns and Problems],5,5. DP on Strings,Minimum Insertions/Deletions to Convert String | (DP- 30),Hard,"Arrays, Recursion, Dynamic Programming, Data Structures",Not Started,,,,https://takeuforward.org/data-structure/minimum-insertions-deletions-to-convert-string-dp-30/,https://www.youtube.com/watch?v=yMnH0jrir0Q,https://leetcode.com/problems/delete-operation-for-two-strings/,https://practice.geeksforgeeks.org/problems/minimum-number-of-deletions-and-insertions0209/1,https://www.codingninjas.com/studio/problems/minimum-number-of-deletions-and-insertions_4244510,https://takeuforward.org/plus/dsa/problems/minimum-insertions-or-deletions-to-convert-string-a-to-b,,,,,1782,takeuforward roadmap
415,16,Step 16: Dynamic Programming [Patterns and Problems],5,5. DP on Strings,Shortest Common Supersequence | (DP - 31),Hard,"Data Structures, Dynamic Programming, Recursion",Not Started,,,,https://takeuforward.org/data-structure/shortest-common-supersequence-dp-31/,https://www.youtube.com/watch?v=xElxAuBcvsU,https://leetcode.com/problems/shortest-common-supersequence/,https://practice.geeksforgeeks.org/problems/shortest-common-supersequence0322/1,https://www.codingninjas.com/studio/problems/shortest-common-supersequence_4244493,https://takeuforward.org/plus/dsa/problems/shortest-common-supersequence,,,,,1788,takeuforward roadmap
416,16,Step 16: Dynamic Programming [Patterns and Problems],5,5. DP on Strings,Distinct Subsequences| (DP-32),Hard,"Arrays, Data Structures, Dynamic Programming, Recursion",Not Started,,,,https://takeuforward.org/data-structure/distinct-subsequences-dp-32/,https://www.youtube.com/watch?v=nVG7eTiD2bY,https://leetcode.com/problems/distinct-subsequences/,https://practice.geeksforgeeks.org/problems/number-of-distinct-subsequences0909/1,https://www.codingninjas.com/studio/problems/subsequence-counting_3755256,https://takeuforward.org/plus/dsa/problems/distinct-subsequences,,,,,1792,takeuforward roadmap
417,16,Step 16: Dynamic Programming [Patterns and Problems],5,5. DP on Strings,Edit Distance | (DP-33),Hard,"Arrays, Data Structures, Dynamic Programming, Recursion",Not Started,,,,https://takeuforward.org/data-structure/edit-distance-dp-33/,https://www.youtube.com/watch?v=fJaKO8FbDdo,https://leetcode.com/problems/edit-distance/,https://practice.geeksforgeeks.org/problems/edit-distance3702/1,https://www.codingninjas.com/studio/problems/shortest-common-supersequence_4244493,https://takeuforward.org/plus/dsa/problems/edit-distance,,,,,1798,takeuforward roadmap
418,16,Step 16: Dynamic Programming [Patterns and Problems],5,5. DP on Strings,Wildcard Matching | (DP-34),Medium,"Data Structures, Dynamic Programming, Arrays, Recursion",Not Started,,,,https://takeuforward.org/data-structure/wildcard-matching-dp-34/,https://www.youtube.com/watch?v=ZmlQ3vgAOMo,https://leetcode.com/problems/wildcard-matching/,https://practice.geeksforgeeks.org/problems/wildcard-pattern-matching/1,https://www.codingninjas.com/studio/problems/wildcard-pattern-matching_701650,https://takeuforward.org/plus/dsa/problems/wildcard-matching,,,,,1804,takeuforward roadmap
419,16,Step 16: Dynamic Programming [Patterns and Problems],6,6. DP on Stocks,Best Time to Buy and Sell Stock |(DP-35),Hard,"Arrays, Data Structures, Recursion, Dynamic Programming",Not Started,,,,https://takeuforward.org/data-structure/stock-buy-and-sell-dp-35/,https://www.youtube.com/watch?v=excAOvwF_Wk,https://leetcode.com/problems/best-time-to-buy-and-sell-stock/,https://practice.geeksforgeeks.org/problems/stock-buy-and-sell-1587115621/1,https://www.codingninjas.com/studio/problems/best-time-to-buy-and-sell-stock_893405,https://takeuforward.org/plus/dsa/problems/best-time-to-buy-and-sell-stock,,,,,1815,takeuforward roadmap
420,16,Step 16: Dynamic Programming [Patterns and Problems],6,6. DP on Stocks,Buy and Sell Stock - II|(DP-36),Hard,"Arrays, Dynamic Programming, Recursion, Data Structures",Not Started,,,,https://takeuforward.org/data-structure/buy-and-sell-stock-ii-dp-36/,https://www.youtube.com/watch?v=nGJmxkUJQGs,https://leetcode.com/problems/best-time-to-buy-and-sell-stock-ii/,https://www.geeksforgeeks.org/problems/buy-stock-2/1,https://www.codingninjas.com/studio/problems/best-time-to-buy-and-sell-stock-ii_630282,https://takeuforward.org/plus/dsa/problems/best-time-to-buy-and-sell-stock-ii,,,,,1815,takeuforward roadmap
421,16,Step 16: Dynamic Programming [Patterns and Problems],6,6. DP on Stocks,Buy and Sell Stocks III|(DP-37),Hard,"Dynamic Programming, Arrays, Recursion, Data Structures",Not Started,,,,https://takeuforward.org/data-structure/buy-and-sell-stock-iii-dp-37/,https://www.youtube.com/watch?v=-uQGzhYj8BQ,https://leetcode.com/problems/best-time-to-buy-and-sell-stock-iii/description/,https://practice.geeksforgeeks.org/problems/buy-and-sell-a-share-at-most-twice/1,https://www.codingninjas.com/studio/problems/best-time-to-buy-and-sell-stock-iii_1071012,https://takeuforward.org/plus/dsa/problems/best-time-to-buy-and-sell-stock-iii,,,,,1815,takeuforward roadmap
422,16,Step 16: Dynamic Programming [Patterns and Problems],6,6. DP on Stocks,Buy and Stock Sell IV |(DP-38),Hard,"Arrays, Data Structures, Dynamic Programming, Recursion",Not Started,,,,https://takeuforward.org/data-structure/buy-and-sell-stock-iv-dp-38/,https://www.youtube.com/watch?v=IV1dHbk5CDc,https://leetcode.com/problems/best-time-to-buy-and-sell-stock-iv/,https://practice.geeksforgeeks.org/problems/maximum-profit4657/1,https://www.codingninjas.com/studio/problems/best-time-to-buy-and-sell-stock-iv_1080698,https://takeuforward.org/plus/dsa/problems/best-time-to-buy-and-sell-stock-iv,,,,,1823,takeuforward roadmap
423,16,Step 16: Dynamic Programming [Patterns and Problems],6,6. DP on Stocks,Buy and Sell Stocks With Cooldown|(DP-39),Hard,"Arrays, Data Structures, Recursion, Dynamic Programming",Not Started,,,,https://takeuforward.org/data-structure/buy-and-sell-stocks-with-cooldown-dp-39/,https://www.youtube.com/watch?v=IGIe46xw3YY,https://leetcode.com/problems/best-time-to-buy-and-sell-stock-with-cooldown/,https://www.geeksforgeeks.org/problems/buy-stock-with-cooldown/1,https://www.codingninjas.com/studio/problems/best-time-to-buy-and-sell-stock-with-cooldown_3125969,,,,,,1831,takeuforward roadmap
424,16,Step 16: Dynamic Programming [Patterns and Problems],6,6. DP on Stocks,Buy and Sell Stocks With Transaction Fee|(DP-40),Hard,"Arrays, Data Structures, Recursion, Dynamic Programming",Not Started,,,,https://takeuforward.org/data-structure/buy-and-sell-stocks-with-transaction-fees-dp-40/,https://www.youtube.com/watch?v=k4eK-vEmnKg,https://leetcode.com/problems/best-time-to-buy-and-sell-stock-with-transaction-fee/,https://www.geeksforgeeks.org/problems/buy-stock-with-transaction-fee/1,https://www.codingninjas.com/studio/problems/best-time-to-buy-and-sell-stock-with-transaction-fee_3118974,https://takeuforward.org/plus/dsa/problems/best-time-to-buy-and-sell-stock-with-cooldown-and-transaction-fees,,,,,1838,takeuforward roadmap
425,16,Step 16: Dynamic Programming [Patterns and Problems],7,7. DP on LIS,Longest Increasing Subsequence |(DP-41),Hard,"Arrays, Recursion, Dynamic Programming, Data Structures",Not Started,,,,https://takeuforward.org/data-structure/longest-increasing-subsequence-dp-41/,https://www.youtube.com/watch?v=ekcwMsSIzVc,https://leetcode.com/problems/longest-increasing-subsequence/,https://practice.geeksforgeeks.org/problems/longest-increasing-subsequence-1587115620/1,https://www.codingninjas.com/studio/problems/longest-increasing-subsequence_630459,https://takeuforward.org/plus/dsa/problems/longest-increasing-subsequence,,,,,1860,takeuforward roadmap
426,16,Step 16: Dynamic Programming [Patterns and Problems],7,7. DP on LIS,Printing Longest Increasing Subsequence|(DP-42),Hard,"Data Structures, Arrays, Dynamic Programming, Recursion",Not Started,,,,https://takeuforward.org/data-structure/printing-longest-increasing-subsequence-dp-42/,https://www.youtube.com/watch?v=IFfYfonAFGc,,https://www.geeksforgeeks.org/problems/printing-longest-increasing-subsequence/1,https://www.codingninjas.com/studio/problems/printing-longest-increasing-subsequence_8360670,https://takeuforward.org/plus/dsa/problems/print-longest-increasing-subsequence,,,,,1847,takeuforward roadmap
427,16,Step 16: Dynamic Programming [Patterns and Problems],7,7. DP on LIS,Longest Increasing Subsequence |(DP-43),Hard,"Arrays, Recursion, Dynamic Programming, Data Structures",Not Started,,,,https://takeuforward.org/data-structure/longest-increasing-subsequence-binary-search-dp-43/,https://www.youtube.com/watch?v=on2hvxBXJH4,,https://www.geeksforgeeks.org/problems/longest-increasing-subsequence-1587115620/1,https://www.codingninjas.com/studio/problems/longest-increasing-subsequence_630459,https://takeuforward.org/plus/dsa/problems/longest-increasing-subsequence,,,,,1860,takeuforward roadmap
428,16,Step 16: Dynamic Programming [Patterns and Problems],7,7. DP on LIS,Largest Divisible Subset|(DP-44),Hard,"Arrays, Recursion, Data Structures, Dynamic Programming",Not Started,,,,https://takeuforward.org/data-structure/longest-divisible-subset-dp-44/,https://www.youtube.com/watch?v=gDuZwBW9VvM,https://leetcode.com/problems/largest-divisible-subset/,https://www.geeksforgeeks.org/problems/largest-divisible-subset--170643/1,https://www.codingninjas.com/studio/problems/divisible-set_3754960,https://takeuforward.org/plus/dsa/problems/largest-divisible-subset,,,,,1852,takeuforward roadmap
429,16,Step 16: Dynamic Programming [Patterns and Problems],7,7. DP on LIS,Longest String Chain|(DP-45),Hard,"String, Dynamic Programming, Data Structures, Recursion",Not Started,,,,https://takeuforward.org/data-structure/longest-string-chain-dp-45/,https://www.youtube.com/watch?v=YY8iBaYcc4g,https://leetcode.com/problems/longest-string-chain/,https://www.geeksforgeeks.org/problems/longest-string-chain/1,https://www.codingninjas.com/studio/problems/longest-string-chain_3752111,https://takeuforward.org/plus/dsa/problems/longest-string-chain,,,,,1855,takeuforward roadmap
430,16,Step 16: Dynamic Programming [Patterns and Problems],7,7. DP on LIS,Longest Bitonic Subsequence |(DP-46),Hard,"Arrays, Recursion, Data Structures, Dynamic Programming",Not Started,,,,https://takeuforward.org/data-structure/longest-bitonic-subsequence-dp-46/,https://www.youtube.com/watch?v=y4vN0WNdrlg,,https://practice.geeksforgeeks.org/problems/longest-bitonic-subsequence0824/1,https://www.codingninjas.com/studio/problems/longest-bitonic-sequence_1062688,https://takeuforward.org/plus/dsa/problems/longest-bitonic-subsequence,,,,,1858,takeuforward roadmap
431,16,Step 16: Dynamic Programming [Patterns and Problems],7,7. DP on LIS,Number of Longest Increasing Subsequences|(DP-47),Hard,"Arrays, Dynamic Programming, Graph, Data Structures",Not Started,,,,https://takeuforward.org/data-structure/number-of-longest-increasing-subsequences-dp-47/,https://www.youtube.com/watch?v=cKVl1TFdNXg,https://leetcode.com/problems/number-of-longest-increasing-subsequence/,https://www.geeksforgeeks.org/problems/number-of-longest-increasing-subsequence/1,https://www.codingninjas.com/studio/problems/number-of-longest-increasing-subsequence_3751627,https://takeuforward.org/plus/dsa/problems/number-of-longest-increasing-subsequences,,,,,1862,takeuforward roadmap
432,16,Step 16: Dynamic Programming [Patterns and Problems],8,8. MCM DP | Partition DP,Matrix Chain Multiplication|(DP-48),Hard,"Arrays, Dynamic Programming, Data Structures, Recursion",Not Started,,,,https://takeuforward.org/dynamic-programming/matrix-chain-multiplication-dp-48/,https://www.youtube.com/watch?v=vRVfmbCFW7Y,,https://www.geeksforgeeks.org/problems/matrix-chain-multiplication0303/1,https://www.codingninjas.com/studio/problems/matrix-chain-multiplication_624880,https://takeuforward.org/plus/dsa/problems/matrix-chain-multiplication,,,,,1865,takeuforward roadmap
433,16,Step 16: Dynamic Programming [Patterns and Problems],8,8. MCM DP | Partition DP,Matrix Chain Multiplication | Bottom-Up|(DP-49),Hard,"Arrays, Dynamic Programming, Recursion, Data Structures",Not Started,,,,https://takeuforward.org/data-structure/matrix-chain-multiplication-tabulation-method-dp-49/,https://www.youtube.com/watch?v=pDCXsbAw5Cg,,https://www.geeksforgeeks.org/problems/matrix-chain-multiplication0303/1,https://www.codingninjas.com/studio/problems/matrix-chain-multiplication_624880,https://takeuforward.org/plus/dsa/problems/matrix-chain-multiplication,,,,,1865,takeuforward roadmap
434,16,Step 16: Dynamic Programming [Patterns and Problems],8,8. MCM DP | Partition DP,Minimum Cost to Cut the Stick|(DP-50),Hard,"Arrays, Dynamic Programming, Data Structures, Recursion",Not Started,,,,https://takeuforward.org/data-structure/minimum-cost-to-cut-the-stick-dp-50/,https://www.youtube.com/watch?v=xwomavsC86c,https://leetcode.com/problems/minimum-cost-to-cut-a-stick/,https://www.geeksforgeeks.org/problems/rod-cutting0840/1,https://www.codingninjas.com/studio/problems/rod-cutting-problem_800284,https://takeuforward.org/plus/dsa/problems/minimum-cost-to-cut-the-stick,,,,,1871,takeuforward roadmap
435,16,Step 16: Dynamic Programming [Patterns and Problems],8,8. MCM DP | Partition DP,Burst Balloons|(DP-51),Hard,"Arrays, Data Structures, Dynamic Programming, Recursion",Not Started,,,,https://takeuforward.org/data-structure/burst-balloons-partition-dp-dp-51/,https://www.youtube.com/watch?v=Yz4LlDSlkns,https://leetcode.com/problems/burst-balloons/,https://www.geeksforgeeks.org/batch-problems/maximum-triple-product/1/,https://www.codingninjas.com/codestudio/problems/burst-balloons_628471,https://takeuforward.org/plus/dsa/problems/burst-balloons,,,,,1879,takeuforward roadmap
436,16,Step 16: Dynamic Programming [Patterns and Problems],8,8. MCM DP | Partition DP,Evaluate Boolean Expression to True|(DP-52),Hard,"String, Data Structures, Dynamic Programming, Recursion",Not Started,,,,https://takeuforward.org/data-structure/evaluate-boolean-expression-to-true-partition-dp-dp-52/,https://www.youtube.com/watch?v=MM7fXopgyjw,https://leetcode.com/problems/parsing-a-boolean-expression/,https://www.geeksforgeeks.org/problems/boolean-parenthesization5610/1,https://www.codingninjas.com/studio/problems/boolean-evaluation_1214650,,,,,,1885,takeuforward roadmap
437,16,Step 16: Dynamic Programming [Patterns and Problems],8,8. MCM DP | Partition DP,Palindrome Partitioning - II|(DP-53),Hard,"String, Data Structures, Dynamic Programming",Not Started,,,,https://takeuforward.org/data-structure/palindrome-partitioning-ii-front-partition-dp-53/,https://www.youtube.com/watch?v=_H8V5hJUGd0,https://leetcode.com/problems/palindrome-partitioning-ii/,https://www.geeksforgeeks.org/problems/palindromic-patitioning4845/1,https://www.codingninjas.com/studio/problems/palindrome-partitioning-ll_873266,https://takeuforward.org/plus/dsa/problems/palindrome-partitioning-ii-,,,,,,takeuforward roadmap
438,16,Step 16: Dynamic Programming [Patterns and Problems],8,8. MCM DP | Partition DP,Partition Array for Maximum Sum|(DP-54),Hard,"Arrays, Dynamic Programming, Recursion, Data Structures",Not Started,,,,https://takeuforward.org/data-structure/partition-array-for-maximum-sum-front-partition-dp-54/,https://www.youtube.com/watch?v=PhWWJmaKfMc,https://leetcode.com/problems/partition-array-for-maximum-sum/,https://www.geeksforgeeks.org/problems/partition-array-for-maximum-sum/1,https://www.codingninjas.com/studio/problems/partition-array-for-maximum-sum_3755255,,,,,,1896,takeuforward roadmap
439,16,Step 16: Dynamic Programming [Patterns and Problems],9,9. DP on Squares,Maximum Rectangle Area with all 1's|(DP-55),Hard,"Arrays, Data Structures, Dynamic Programming, Recursion",Not Started,,,,https://takeuforward.org/data-structure/maximum-rectangle-area-with-all-1s-dp-on-rectangles-dp-55/,https://www.youtube.com/watch?v=tOylVCugy9k,https://leetcode.com/problems/maximal-rectangle/,https://practice.geeksforgeeks.org/problems/max-rectangle/1,,,,,,,1901,takeuforward roadmap
440,16,Step 16: Dynamic Programming [Patterns and Problems],9,9. DP on Squares,Count Square Submatrices with All Ones|(DP-56),Hard,"Arrays, Data Structures, Recursion, Dynamic Programming",Not Started,,,,https://takeuforward.org/data-structure/count-square-submatrices-with-all-1s-dp-on-rectangles-dp-56/,https://www.youtube.com/watch?v=auS1fynpnjo,https://leetcode.com/problems/count-square-submatrices-with-all-ones/,https://www.geeksforgeeks.org/problems/count-square-submatrices-with-all-ones/1,,,,,,,1905,takeuforward roadmap
441,17,Step 17: Tries,1,1. Theory,Implement TRIE | INSERT | SEARCH | STARTSWITH,Hard,"Trie, Data Structures",Not Started,,,,https://takeuforward.org/data-structure/implement-trie-1/,https://www.youtube.com/watch?v=dBGUmUQhjaM,https://leetcode.com/problems/implement-trie-prefix-tree/,https://www.geeksforgeeks.org/problems/trie-insert-and-search0651/1,https://www.codingninjas.com/studio/problems/trie-implementation_1062581,https://takeuforward.org/plus/dsa/problems/trie-implementation-and-operations,,,,,,takeuforward roadmap
442,17,Step 17: Tries,2,2. Problems,Implement Trie - 2 (Prefix Tree),Hard,"Trie, Data Structures",Not Started,,,,https://takeuforward.org/data-structure/implement-trie-ii/,,,https://www.geeksforgeeks.org/problems/trie-delete/1,https://www.codingninjas.com/studio/problems/trie-delete-operation_1062663,https://takeuforward.org/plus/dsa/problems/trie-implementation-and-advanced-operations,https://www.naukri.com/code360/problems/implement-trie_1387095,Naukri Code360,,,1910,takeuforward roadmap
443,17,Step 17: Tries,2,2. Problems,Longest String with All Prefixes,Medium,"String, Data Structures",Not Started,,,,,https://www.youtube.com/watch?v=AWnBa91lThI,,https://www.geeksforgeeks.org/problems/longest-common-prefix-in-an-array5129/1,https://www.codingninjas.com/studio/problems/longest-common-prefix_2090383,https://takeuforward.org/plus/dsa/problems/longest-word-with-all-prefixes,https://www.naukri.com/code360/problems/complete-string_2687860,Naukri Code360,,,1923,takeuforward roadmap
444,17,Step 17: Tries,2,2. Problems,Number of Distinct Substrings in a String,Hard,"String, Trie, Data Structures",Not Started,,,,https://takeuforward.org/data-structure/number-of-distinct-substrings-in-a-string-using-trie/,https://www.youtube.com/watch?v=RV0QeTyHZxo,,https://practice.geeksforgeeks.org/problems/count-of-distinct-substrings/1,https://www.codingninjas.com/studio/problems/count-distinct-substrings_985292,https://takeuforward.org/plus/dsa/problems/number-of-distinct-substrings-in-a-string,https://www.naukri.com/code360/problems/count-distinct-substrings_985292,Naukri Code360,,,1929,takeuforward roadmap
445,17,Step 17: Tries,2,2. Problems,Bit PreRequisites for TRIE Problems,Hard,"Trie, Data Structures",Not Started,,,,,https://www.youtube.com/watch?v=5iyuU4hQFrw,,https://www.geeksforgeeks.org/problems/bits-basic-operations/1,https://www.codingninjas.com/codestudio/problems/bitwise-basic-operations_8382552,,,,https://leetcode.com/problems/single-number,codolio,1934,takeuforward roadmap
446,17,Step 17: Tries,2,2. Problems,Maximum XOR of two numbers in an array,Medium,"Arrays, Hashing, Bit Manipulation, Data Structures, Trie",Not Started,,,,https://takeuforward.org/data-structure/maximum-xor-of-two-numbers-in-an-array/,https://www.youtube.com/watch?v=EIhAwfHubE8,https://leetcode.com/problems/maximum-xor-of-two-numbers-in-an-array/,https://practice.geeksforgeeks.org/problems/maximum-xor-of-two-numbers-in-an-array/0,https://www.codingninjas.com/codestudio/problems/maximum-xor_3119012,https://takeuforward.org/plus/dsa/problems/maximum-xor-of-two-numbers-in-an-array,,,,,1939,takeuforward roadmap
447,17,Step 17: Tries,2,2. Problems,Maximum XOR With an Element From Array,Hard,"Arrays, Bit Manipulation, Trie, Data Structures",Not Started,,,,https://takeuforward.org/trie/maximum-xor-queries-trie/,https://www.youtube.com/watch?v=Q8LhG9Pi5KM,https://leetcode.com/problems/maximum-xor-with-an-element-from-array/,https://www.geeksforgeeks.org/problems/maximum-xor-with-an-element-from-array/1,https://www.codingninjas.com/studio/problems/maximum-xor-with-an-element-from-array_1382020,https://takeuforward.org/plus/dsa/problems/maximum-xor-with-an-element-from-an-array,,,,,,takeuforward roadmap
448,18,Step 18: Strings,1,1. Hard Problems,Minimum number of bracket reversals needed to make an expression balanced,Medium,"String, Stack, Two Pointer, Greedy",Not Started,,,,,,https://leetcode.com/problems/minimum-add-to-make-parentheses-valid/,https://practice.geeksforgeeks.org/problems/count-the-reversals0401/1,https://www.codingninjas.com/studio/problems/minimum-cost-to-make-string-valid_1115770,https://takeuforward.org/plus/dsa/problems/minimum-number-of-bracket-reversals-to-make-an-expression-balanced,,,,,392,takeuforward roadmap
449,18,Step 18: Strings,1,1. Hard Problems,Count and say,Medium,"String, Data Structures",Not Started,,,,,,https://leetcode.com/problems/count-and-say/,https://www.geeksforgeeks.org/problems/decode-the-pattern1138/1,https://www.codingninjas.com/studio/problems/look-and-say-sequence_668478,https://takeuforward.org/plus/dsa/problems/count-and-say,,,,,394,takeuforward roadmap
450,18,Step 18: Strings,1,1. Hard Problems,Hashing In Strings | Theory,Medium,"Hashing, Data Structures",Not Started,,,,,,,https://www.geeksforgeeks.org/problems/index-of-the-first-occurrence-of-pattern-in-a-text/1,https://www.codingninjas.com/codestudio/problems/first-occurence-of-a-pattern-in-a-text_8416393,,,,https://leetcode.com/problems/find-the-index-of-the-first-occurrence-in-a-string,codolio,397,takeuforward roadmap
451,18,Step 18: Strings,1,1. Hard Problems,Rabin Karp,Hard,"String, Data Structures",Not Started,,,,,,https://leetcode.com/problems/repeated-string-match/discuss/416144/Rabin-Karp-algorithm-C%2B%2B-implementation,https://practice.geeksforgeeks.org/problems/31272eef104840f7430ad9fd1d43b434a4b9596b/1,https://www.codingninjas.com/codestudio/problems/stringmatch-rabincarp_1115738,https://takeuforward.org/plus/dsa/problems/rabin-karp-algorithm,,,,,399,takeuforward roadmap
452,18,Step 18: Strings,1,1. Hard Problems,Z-Function,Easy,"String, Data Structures",Not Started,,,,,,https://leetcode.com/problems/implement-strstr/,https://practice.geeksforgeeks.org/problems/8dcd25918295847b4ced54055eae35a8501181c1/1,https://www.codingninjas.com/codestudio/problems/pattern-searching-using-z-algorithm_8395752,https://takeuforward.org/plus/dsa/problems/z-function,,,,,402,takeuforward roadmap
453,18,Step 18: Strings,1,1. Hard Problems,KMP algo / LPS(pi) array,Hard,"String, Data Structures",Not Started,,,,,,https://leetcode.com/problems/implement-strstr/,https://practice.geeksforgeeks.org/problems/search-pattern0205/1,https://www.codingninjas.com/codestudio/problems/search-pattern-kmp-algorithm_8416386,https://takeuforward.org/plus/dsa/problems/kmp-algorithm-or-lps-array,,,,,404,takeuforward roadmap
454,18,Step 18: Strings,1,1. Hard Problems,Shortest Palindrome,Hard,"String, Hashing, Data Structures",Not Started,,,,,,https://leetcode.com/problems/shortest-palindrome/,https://www.geeksforgeeks.org/problems/minimum-characters-to-be-added-at-front-to-make-string-palindrome/1,https://www.codingninjas.com/studio/problems/minimum-characters-for-palindrome_893000,https://takeuforward.org/plus/dsa/problems/shortest-palindrome,,,,,,takeuforward roadmap
455,18,Step 18: Strings,1,1. Hard Problems,Longest happy prefix,Hard,"String, Hashing",Not Started,,,,,,https://leetcode.com/problems/longest-happy-prefix/,https://www.geeksforgeeks.org/problems/longest-prefix-suffix2527/1,https://www.codingninjas.com/studio/problems/longest-prefix-which-is-suffix_3146849,https://takeuforward.org/plus/dsa/problems/longest-happy-prefix,,,,,413,takeuforward roadmap
456,18,Step 18: Strings,1,1. Hard Problems,Count palindromic subsequence in given string,Hard,"String, Dynamic Programming, Data Structures",Not Started,,,,,,,https://practice.geeksforgeeks.org/problems/count-palindromic-subsequences/1,https://www.codingninjas.com/studio/problems/count-palindromic-subsequences_1062696,,,,,,417,takeuforward roadmap
